record_id,qa_status,source_id,focus_agent_id,workflow,screen_role,head,capture_alias,capture_slot_index,locale,resolution,path,reviewed_uid_full,reviewed_uid_digit,suggested_uid_digit,reviewed_agent_icon_id,suggested_agent_icon_id,reviewed_agent_level,reviewed_agent_level_cap,reviewed_agent_mindscape,reviewed_agent_mindscape_cap,reviewed_agent_stats_json,reviewed_owned_agent_count,reviewed_owned_agent_ids,reviewed_amplifier_id,reviewed_amplifier_name,suggested_amplifier_id,reviewed_amplifier_level,reviewed_amplifier_level_cap,reviewed_amplifier_base_stat_key,reviewed_amplifier_base_stat_value,reviewed_amplifier_advanced_stat_key,reviewed_amplifier_advanced_stat_value,reviewed_disc_set_id,suggested_disc_set_id,reviewed_disc_set_name,reviewed_disc_slot,reviewed_disc_level,suggested_disc_level,reviewed_disc_level_cap,reviewed_disc_main_stat_key,reviewed_disc_main_stat_value,reviewed_disc_substats_json,reviewed_equipment_agent_id,reviewed_equipment_disc_summary_json,suggested_confidence
onedrive_account_20260308_agent_detail_30c32a48ceae_record,reviewed,onedrive_account_20260308_agent_detail_30c32a48ceae,,account_import,agent_detail,agent_icon,agent_detail,,RU,1440p,D:\IKA_DATA\ocr\raw\manual_screens\onedrive_account_20260308\agent_detail\onedrive_account_20260308_agent_detail_30c32a48ceae.png,,,,agent_ellen,,60,60,5,6,"{""hp_flat"":12051,""attack_flat"":2747,""defense_flat"":921,""impact"":93,""crit_rate_pct"":82.6,""crit_damage_pct"":171.6,""anomaly_mastery"":94,""anomaly_proficiency"":93,""pen_ratio_pct"":0,""energy_regen"":1.2}",,,,,,,,,,,,,,,,,,,,,,,,
onedrive_account_20260308_amplifier_detail_ca490a37cfdd_record,reviewed,onedrive_account_20260308_amplifier_detail_ca490a37cfdd,,account_import,amplifier_detail,equipment,amplificator,,RU,1440p,D:\IKA_DATA\ocr\raw\manual_screens\onedrive_account_20260308\amplifier_detail\onedrive_account_20260308_amplifier_detail_ca490a37cfdd.png,,,,,,,,,,,,,amp_deep_sea_visitor,Гость из глубин,,60,60,attack_flat,713,crit_rate_pct,24,,,,,,,,,,,agent_ellen,,
onedrive_account_20260308_disk_detail_0c7e7cae2403_record,reviewed,onedrive_account_20260308_disk_detail_0c7e7cae2403,,account_import,disk_detail,equipment,disk4,4,RU,1440p,D:\IKA_DATA\ocr\raw\manual_screens\onedrive_account_20260308\disk_detail\onedrive_account_20260308_disk_detail_0c7e7cae2403.png,,,,,,,,,,,,,,,,,,,,,,set_woodpecker_electro,,Дятлокор-электро,4,15,,15,crit_damage_pct,48,"[{""key"":""attack_pct"",""value"":6},{""key"":""crit_rate_pct"",""value"":7.2},{""key"":""defense_pct"",""value"":4.8},{""key"":""hp_flat"",""value"":336}]",agent_ellen,,
onedrive_account_20260308_disk_detail_301e80567619_record,reviewed,onedrive_account_20260308_disk_detail_301e80567619,,account_import,disk_detail,equipment,disk6,6,RU,1440p,D:\IKA_DATA\ocr\raw\manual_screens\onedrive_account_20260308\disk_detail\onedrive_account_20260308_disk_detail_301e80567619.png,,,,,,,,,,,,,,,,,,,,,,set_branch_and_blade_song,,Песнь о ветке и клинке,6,15,,15,attack_pct,30,"[{""key"":""hp_pct"",""value"":9},{""key"":""defense_pct"",""value"":4.8},{""key"":""crit_damage_pct"",""value"":14.4},{""key"":""crit_rate_pct"",""value"":4.8}]",agent_ellen,,
onedrive_account_20260308_disk_detail_3aee303cbafa_record,reviewed,onedrive_account_20260308_disk_detail_3aee303cbafa,,account_import,disk_detail,equipment,disk3,3,RU,1440p,D:\IKA_DATA\ocr\raw\manual_screens\onedrive_account_20260308\disk_detail\onedrive_account_20260308_disk_detail_3aee303cbafa.png,,,,,,,,,,,,,,,,,,,,,,set_branch_and_blade_song,,Песнь о ветке и клинке,3,15,,15,defense_flat,184,"[{""key"":""crit_rate_pct"",""value"":2.4},{""key"":""crit_damage_pct"",""value"":9.6},{""key"":""attack_pct"",""value"":6},{""key"":""hp_pct"",""value"":9}]",agent_ellen,,
onedrive_account_20260308_disk_detail_5e6ec3d3953a_record,reviewed,onedrive_account_20260308_disk_detail_5e6ec3d3953a,,account_import,disk_detail,equipment,disk2,2,RU,1440p,D:\IKA_DATA\ocr\raw\manual_screens\onedrive_account_20260308\disk_detail\onedrive_account_20260308_disk_detail_5e6ec3d3953a.png,,,,,,,,,,,,,,,,,,,,,,set_woodpecker_electro,,Дятлокор-электро,2,15,,15,attack_flat,316,"[{""key"":""attack_pct"",""value"":3},{""key"":""crit_rate_pct"",""value"":9.6},{""key"":""defense_flat"",""value"":15},{""key"":""crit_damage_pct"",""value"":9.6}]",agent_ellen,,
onedrive_account_20260308_disk_detail_b410d0c21e2c_record,reviewed,onedrive_account_20260308_disk_detail_b410d0c21e2c,,account_import,disk_detail,equipment,disk1,1,RU,1440p,D:\IKA_DATA\ocr\raw\manual_screens\onedrive_account_20260308\disk_detail\onedrive_account_20260308_disk_detail_b410d0c21e2c.png,,,,,,,,,,,,,,,,,,,,,,set_woodpecker_electro,,Дятлокор-электро,1,15,,15,hp_flat,2200,"[{""key"":""defense_pct"",""value"":9.6},{""key"":""crit_damage_pct"",""value"":19.2},{""key"":""attack_flat"",""value"":38},{""key"":""crit_rate_pct"",""value"":2.4}]",agent_ellen,,
onedrive_account_20260308_disk_detail_ce03de23bc5e_record,reviewed,onedrive_account_20260308_disk_detail_ce03de23bc5e,,account_import,disk_detail,equipment,disk5,5,RU,1440p,D:\IKA_DATA\ocr\raw\manual_screens\onedrive_account_20260308\disk_detail\onedrive_account_20260308_disk_detail_ce03de23bc5e.png,,,,,,,,,,,,,,,,,,,,,,set_woodpecker_electro,,Дятлокор-электро,5,15,,15,ice_damage_bonus_pct,30,"[{""key"":""hp_pct"",""value"":6},{""key"":""pen_flat"",""value"":27},{""key"":""crit_damage_pct"",""value"":4.8},{""key"":""crit_rate_pct"",""value"":4.8}]",agent_ellen,,
onedrive_account_20260308_equipment_47995a506e46_record,reviewed,onedrive_account_20260308_equipment_47995a506e46,,account_import,equipment,equipment,equipment,,RU,1440p,D:\IKA_DATA\ocr\raw\manual_screens\onedrive_account_20260308\equipment\onedrive_account_20260308_equipment_47995a506e46.png,,,,,,,,,,,,,amp_deep_sea_visitor,Гость из глубин,,,,,,,,,,,,,,,,,,agent_ellen,"[{""slot"":1,""setId"":""set_woodpecker_electro"",""displayName"":""Дятлокор-электро"",""level"":15,""levelCap"":15},{""slot"":2,""setId"":""set_woodpecker_electro"",""displayName"":""Дятлокор-электро"",""level"":15,""levelCap"":15},{""slot"":3,""setId"":""set_branch_and_blade_song"",""displayName"":""Песнь о ветке и клинке"",""level"":15,""levelCap"":15},{""slot"":4,""setId"":""set_woodpecker_electro"",""displayName"":""Дятлокор-электро"",""level"":15,""levelCap"":15},{""slot"":5,""setId"":""set_woodpecker_electro"",""displayName"":""Дятлокор-электро"",""level"":15,""levelCap"":15},{""slot"":6,""setId"":""set_branch_and_blade_song"",""displayName"":""Песнь о ветке и клинке"",""level"":15,""levelCap"":15}]",
onedrive_account_20260308_roster_5c2f5a208daf_record,reviewed,onedrive_account_20260308_roster_5c2f5a208daf,,account_import,roster,agent_icon,roster,,RU,1440p,D:\IKA_DATA\ocr\raw\manual_screens\onedrive_account_20260308\roster\onedrive_account_20260308_roster_5c2f5a208daf.png,,,,,,,,,,,20,agent_anby|agent_nicole|agent_billy|agent_soldier_11|agent_corin|agent_lycaon|agent_anton|agent_ben|agent_soukaku|agent_grace|agent_rina|agent_ellen|agent_lucy|agent_piper|agent_jane_doe|agent_seth|agent_harumasa|agent_pulchra|agent_zhao|agent_ye_shunguang,,,,,,,,,,,,,,,,,,,,,,
onedrive_account_20260308_roster_8123196dd5e8_record,reviewed,onedrive_account_20260308_roster_8123196dd5e8,,account_import,roster,agent_icon,roster,,RU,1440p,D:\IKA_DATA\ocr\raw\manual_screens\onedrive_account_20260308\roster\onedrive_account_20260308_roster_8123196dd5e8.png,,,,,,,,,,,20,agent_anby|agent_nicole|agent_billy|agent_soldier_11|agent_corin|agent_lycaon|agent_anton|agent_ben|agent_soukaku|agent_grace|agent_rina|agent_ellen|agent_lucy|agent_piper|agent_jane_doe|agent_seth|agent_harumasa|agent_pulchra|agent_zhao|agent_ye_shunguang,,,,,,,,,,,,,,,,,,,,,,
onedrive_account_20260308_roster_b5bcfdee7438_record,reviewed,onedrive_account_20260308_roster_b5bcfdee7438,,account_import,roster,agent_icon,roster,,RU,1440p,D:\IKA_DATA\ocr\raw\manual_screens\onedrive_account_20260308\roster\onedrive_account_20260308_roster_b5bcfdee7438.png,,,,,,,,,,,20,agent_anby|agent_nicole|agent_billy|agent_soldier_11|agent_corin|agent_lycaon|agent_anton|agent_ben|agent_soukaku|agent_grace|agent_rina|agent_ellen|agent_lucy|agent_piper|agent_jane_doe|agent_seth|agent_harumasa|agent_pulchra|agent_zhao|agent_ye_shunguang,,,,,,,,,,,,,,,,,,,,,,
onedrive_account_20260308_roster_d392bba8ad57_record,reviewed,onedrive_account_20260308_roster_d392bba8ad57,,account_import,roster,agent_icon,roster,,RU,1440p,D:\IKA_DATA\ocr\raw\manual_screens\onedrive_account_20260308\roster\onedrive_account_20260308_roster_d392bba8ad57.png,,,,,,,,,,,20,agent_anby|agent_nicole|agent_billy|agent_soldier_11|agent_corin|agent_lycaon|agent_anton|agent_ben|agent_soukaku|agent_grace|agent_rina|agent_ellen|agent_lucy|agent_piper|agent_jane_doe|agent_seth|agent_harumasa|agent_pulchra|agent_zhao|agent_ye_shunguang,,,,,,,,,,,,,,,,,,,,,,
onedrive_account_20260308_roster_eb831650fd58_record,reviewed,onedrive_account_20260308_roster_eb831650fd58,,account_import,roster,agent_icon,roster,,RU,1440p,D:\IKA_DATA\ocr\raw\manual_screens\onedrive_account_20260308\roster\onedrive_account_20260308_roster_eb831650fd58.png,,,,,,,,,,,20,agent_anby|agent_nicole|agent_billy|agent_soldier_11|agent_corin|agent_lycaon|agent_anton|agent_ben|agent_soukaku|agent_grace|agent_rina|agent_ellen|agent_lucy|agent_piper|agent_jane_doe|agent_seth|agent_harumasa|agent_pulchra|agent_zhao|agent_ye_shunguang,,,,,,,,,,,,,,,,,,,,,,
onedrive_account_20260308_uid_panel_f6fd2bc0d748_record,reviewed,onedrive_account_20260308_uid_panel_f6fd2bc0d748,,account_import,uid_panel,uid_digit,uid,,RU,1440p,D:\IKA_DATA\ocr\raw\manual_screens\onedrive_account_20260308\uid_panel\onedrive_account_20260308_uid_panel_f6fd2bc0d748.png,1503067100,,,,,,,,,,,,,,,,,,,,,,,,,,,,,,,,,
onedrive_dataset_20260309_agents_129_255_agent_detail_044e0392d303_record,unlabeled,onedrive_dataset_20260309_agents_129_255_agent_detail_044e0392d303,agent_ben,account_import,agent_detail,agent_icon,agent_detail,,RU,1440p,D:\IKA_DATA\ocr\raw\manual_screens\onedrive_dataset_20260309_agents_129_255\agent_detail\onedrive_dataset_20260309_agents_129_255_agent_detail_044e0392d303.png,,,,,,,,,,,,,,,,,,,,,,,,,,,,,,,,,,
onedrive_dataset_20260309_agents_129_255_agent_detail_14154a5aa6dc_record,unlabeled,onedrive_dataset_20260309_agents_129_255_agent_detail_14154a5aa6dc,agent_lycaon,account_import,agent_detail,agent_icon,agent_detail,,RU,1440p,D:\IKA_DATA\ocr\raw\manual_screens\onedrive_dataset_20260309_agents_129_255\agent_detail\onedrive_dataset_20260309_agents_129_255_agent_detail_14154a5aa6dc.png,,,,,,,,,,,,,,,,,,,,,,,,,,,,,,,,,,
onedrive_dataset_20260309_agents_129_255_agent_detail_3ab951773686_record,unlabeled,onedrive_dataset_20260309_agents_129_255_agent_detail_3ab951773686,agent_nicole,account_import,agent_detail,agent_icon,agent_detail,,RU,1440p,D:\IKA_DATA\ocr\raw\manual_screens\onedrive_dataset_20260309_agents_129_255\agent_detail\onedrive_dataset_20260309_agents_129_255_agent_detail_3ab951773686.png,,,,,,,,,,,,,,,,,,,,,,,,,,,,,,,,,,
onedrive_dataset_20260309_agents_129_255_agent_detail_4de7a25d325f_record,unlabeled,onedrive_dataset_20260309_agents_129_255_agent_detail_4de7a25d325f,agent_anby,account_import,agent_detail,agent_icon,agent_detail,,RU,1440p,D:\IKA_DATA\ocr\raw\manual_screens\onedrive_dataset_20260309_agents_129_255\agent_detail\onedrive_dataset_20260309_agents_129_255_agent_detail_4de7a25d325f.png,,,,,,,,,,,,,,,,,,,,,,,,,,,,,,,,,,
onedrive_dataset_20260309_agents_129_255_agent_detail_55574b8dfd1c_record,unlabeled,onedrive_dataset_20260309_agents_129_255_agent_detail_55574b8dfd1c,agent_soukaku,account_import,agent_detail,agent_icon,agent_detail,,RU,1440p,D:\IKA_DATA\ocr\raw\manual_screens\onedrive_dataset_20260309_agents_129_255\agent_detail\onedrive_dataset_20260309_agents_129_255_agent_detail_55574b8dfd1c.png,,,,,,,,,,,,,,,,,,,,,,,,,,,,,,,,,,
onedrive_dataset_20260309_agents_129_255_agent_detail_59fde2c6a8d5_record,unlabeled,onedrive_dataset_20260309_agents_129_255_agent_detail_59fde2c6a8d5,agent_billy,account_import,agent_detail,agent_icon,agent_detail,,RU,1440p,D:\IKA_DATA\ocr\raw\manual_screens\onedrive_dataset_20260309_agents_129_255\agent_detail\onedrive_dataset_20260309_agents_129_255_agent_detail_59fde2c6a8d5.png,,,,,,,,,,,,,,,,,,,,,,,,,,,,,,,,,,
onedrive_dataset_20260309_agents_129_255_agent_detail_8372fe5d0959_record,unlabeled,onedrive_dataset_20260309_agents_129_255_agent_detail_8372fe5d0959,agent_grace,account_import,agent_detail,agent_icon,agent_detail,,RU,1440p,D:\IKA_DATA\ocr\raw\manual_screens\onedrive_dataset_20260309_agents_129_255\agent_detail\onedrive_dataset_20260309_agents_129_255_agent_detail_8372fe5d0959.png,,,,,,,,,,,,,,,,,,,,,,,,,,,,,,,,,,
onedrive_dataset_20260309_agents_129_255_agent_detail_96c90f09410e_record,unlabeled,onedrive_dataset_20260309_agents_129_255_agent_detail_96c90f09410e,agent_ye_shunguang,account_import,agent_detail,agent_icon,agent_detail,,RU,1440p,D:\IKA_DATA\ocr\raw\manual_screens\onedrive_dataset_20260309_agents_129_255\agent_detail\onedrive_dataset_20260309_agents_129_255_agent_detail_96c90f09410e.png,,,,,,,,,,,,,,,,,,,,,,,,,,,,,,,,,,
onedrive_dataset_20260309_agents_129_255_agent_detail_b7561f4cf926_record,unlabeled,onedrive_dataset_20260309_agents_129_255_agent_detail_b7561f4cf926,agent_harumasa,account_import,agent_detail,agent_icon,agent_detail,,RU,1440p,D:\IKA_DATA\ocr\raw\manual_screens\onedrive_dataset_20260309_agents_129_255\agent_detail\onedrive_dataset_20260309_agents_129_255_agent_detail_b7561f4cf926.png,,,,,,,,,,,,,,,,,,,,,,,,,,,,,,,,,,
onedrive_dataset_20260309_agents_129_255_agent_detail_c1e5b0beb412_record,unlabeled,onedrive_dataset_20260309_agents_129_255_agent_detail_c1e5b0beb412,agent_seth,account_import,agent_detail,agent_icon,agent_detail,,RU,1440p,D:\IKA_DATA\ocr\raw\manual_screens\onedrive_dataset_20260309_agents_129_255\agent_detail\onedrive_dataset_20260309_agents_129_255_agent_detail_c1e5b0beb412.png,,,,,,,,,,,,,,,,,,,,,,,,,,,,,,,,,,
onedrive_dataset_20260309_agents_129_255_agent_detail_c5182fd54bfd_record,unlabeled,onedrive_dataset_20260309_agents_129_255_agent_detail_c5182fd54bfd,agent_piper,account_import,agent_detail,agent_icon,agent_detail,,RU,1440p,D:\IKA_DATA\ocr\raw\manual_screens\onedrive_dataset_20260309_agents_129_255\agent_detail\onedrive_dataset_20260309_agents_129_255_agent_detail_c5182fd54bfd.png,,,,,,,,,,,,,,,,,,,,,,,,,,,,,,,,,,
onedrive_dataset_20260309_agents_129_255_agent_detail_cf320b08ef7c_record,unlabeled,onedrive_dataset_20260309_agents_129_255_agent_detail_cf320b08ef7c,agent_jane_doe,account_import,agent_detail,agent_icon,agent_detail,,RU,1440p,D:\IKA_DATA\ocr\raw\manual_screens\onedrive_dataset_20260309_agents_129_255\agent_detail\onedrive_dataset_20260309_agents_129_255_agent_detail_cf320b08ef7c.png,,,,,,,,,,,,,,,,,,,,,,,,,,,,,,,,,,
onedrive_dataset_20260309_agents_129_255_agent_detail_d89d8d52482f_record,unlabeled,onedrive_dataset_20260309_agents_129_255_agent_detail_d89d8d52482f,agent_lucy,account_import,agent_detail,agent_icon,agent_detail,,RU,1440p,D:\IKA_DATA\ocr\raw\manual_screens\onedrive_dataset_20260309_agents_129_255\agent_detail\onedrive_dataset_20260309_agents_129_255_agent_detail_d89d8d52482f.png,,,,,,,,,,,,,,,,,,,,,,,,,,,,,,,,,,
onedrive_dataset_20260309_agents_129_255_agent_detail_f25209e9f461_record,unlabeled,onedrive_dataset_20260309_agents_129_255_agent_detail_f25209e9f461,agent_soldier_11,account_import,agent_detail,agent_icon,agent_detail,,RU,1440p,D:\IKA_DATA\ocr\raw\manual_screens\onedrive_dataset_20260309_agents_129_255\agent_detail\onedrive_dataset_20260309_agents_129_255_agent_detail_f25209e9f461.png,,,,,,,,,,,,,,,,,,,,,,,,,,,,,,,,,,
onedrive_dataset_20260309_agents_129_255_amplifier_detail_06feba70fe47_record,unlabeled,onedrive_dataset_20260309_agents_129_255_amplifier_detail_06feba70fe47,agent_harumasa,account_import,amplifier_detail,equipment,amplificator,,RU,1440p,D:\IKA_DATA\ocr\raw\manual_screens\onedrive_dataset_20260309_agents_129_255\amplifier_detail\onedrive_dataset_20260309_agents_129_255_amplifier_detail_06feba70fe47.png,,,,,,,,,,,,,,,,,,,,,,,,,,,,,,,,,,
onedrive_dataset_20260309_agents_129_255_amplifier_detail_15c6f1059b35_record,unlabeled,onedrive_dataset_20260309_agents_129_255_amplifier_detail_15c6f1059b35,agent_ben,account_import,amplifier_detail,equipment,amplificator,,RU,1440p,D:\IKA_DATA\ocr\raw\manual_screens\onedrive_dataset_20260309_agents_129_255\amplifier_detail\onedrive_dataset_20260309_agents_129_255_amplifier_detail_15c6f1059b35.png,,,,,,,,,,,,,,,,,,,,,,,,,,,,,,,,,,
onedrive_dataset_20260309_agents_129_255_amplifier_detail_18b8b6e0672d_record,unlabeled,onedrive_dataset_20260309_agents_129_255_amplifier_detail_18b8b6e0672d,agent_nicole,account_import,amplifier_detail,equipment,amplificator,,RU,1440p,D:\IKA_DATA\ocr\raw\manual_screens\onedrive_dataset_20260309_agents_129_255\amplifier_detail\onedrive_dataset_20260309_agents_129_255_amplifier_detail_18b8b6e0672d.png,,,,,,,,,,,,,,,,,,,,,,,,,,,,,,,,,,
onedrive_dataset_20260309_agents_129_255_amplifier_detail_1d660694e991_record,unlabeled,onedrive_dataset_20260309_agents_129_255_amplifier_detail_1d660694e991,agent_ye_shunguang,account_import,amplifier_detail,equipment,amplificator,,RU,1440p,D:\IKA_DATA\ocr\raw\manual_screens\onedrive_dataset_20260309_agents_129_255\amplifier_detail\onedrive_dataset_20260309_agents_129_255_amplifier_detail_1d660694e991.png,,,,,,,,,,,,,,,,,,,,,,,,,,,,,,,,,,
onedrive_dataset_20260309_agents_129_255_amplifier_detail_3e40141b274b_record,unlabeled,onedrive_dataset_20260309_agents_129_255_amplifier_detail_3e40141b274b,agent_soukaku,account_import,amplifier_detail,equipment,amplificator,,RU,1440p,D:\IKA_DATA\ocr\raw\manual_screens\onedrive_dataset_20260309_agents_129_255\amplifier_detail\onedrive_dataset_20260309_agents_129_255_amplifier_detail_3e40141b274b.png,,,,,,,,,,,,,,,,,,,,,,,,,,,,,,,,,,
onedrive_dataset_20260309_agents_129_255_amplifier_detail_5f1ce5b55733_record,unlabeled,onedrive_dataset_20260309_agents_129_255_amplifier_detail_5f1ce5b55733,agent_lycaon,account_import,amplifier_detail,equipment,amplificator,,RU,1440p,D:\IKA_DATA\ocr\raw\manual_screens\onedrive_dataset_20260309_agents_129_255\amplifier_detail\onedrive_dataset_20260309_agents_129_255_amplifier_detail_5f1ce5b55733.png,,,,,,,,,,,,,,,,,,,,,,,,,,,,,,,,,,
onedrive_dataset_20260309_agents_129_255_amplifier_detail_6d232ad94556_record,unlabeled,onedrive_dataset_20260309_agents_129_255_amplifier_detail_6d232ad94556,agent_lucy,account_import,amplifier_detail,equipment,amplificator,,RU,1440p,D:\IKA_DATA\ocr\raw\manual_screens\onedrive_dataset_20260309_agents_129_255\amplifier_detail\onedrive_dataset_20260309_agents_129_255_amplifier_detail_6d232ad94556.png,,,,,,,,,,,,,,,,,,,,,,,,,,,,,,,,,,
onedrive_dataset_20260309_agents_129_255_amplifier_detail_76e51e93f42d_record,unlabeled,onedrive_dataset_20260309_agents_129_255_amplifier_detail_76e51e93f42d,agent_soldier_11,account_import,amplifier_detail,equipment,amplificator,,RU,1440p,D:\IKA_DATA\ocr\raw\manual_screens\onedrive_dataset_20260309_agents_129_255\amplifier_detail\onedrive_dataset_20260309_agents_129_255_amplifier_detail_76e51e93f42d.png,,,,,,,,,,,,,,,,,,,,,,,,,,,,,,,,,,
onedrive_dataset_20260309_agents_129_255_amplifier_detail_9e599cf4f0d9_record,unlabeled,onedrive_dataset_20260309_agents_129_255_amplifier_detail_9e599cf4f0d9,agent_billy,account_import,amplifier_detail,equipment,amplificator,,RU,1440p,D:\IKA_DATA\ocr\raw\manual_screens\onedrive_dataset_20260309_agents_129_255\amplifier_detail\onedrive_dataset_20260309_agents_129_255_amplifier_detail_9e599cf4f0d9.png,,,,,,,,,,,,,,,,,,,,,,,,,,,,,,,,,,
onedrive_dataset_20260309_agents_129_255_amplifier_detail_bf5e063c2f08_record,unlabeled,onedrive_dataset_20260309_agents_129_255_amplifier_detail_bf5e063c2f08,agent_piper,account_import,amplifier_detail,equipment,amplificator,,RU,1440p,D:\IKA_DATA\ocr\raw\manual_screens\onedrive_dataset_20260309_agents_129_255\amplifier_detail\onedrive_dataset_20260309_agents_129_255_amplifier_detail_bf5e063c2f08.png,,,,,,,,,,,,,,,,,,,,,,,,,,,,,,,,,,
onedrive_dataset_20260309_agents_129_255_amplifier_detail_cd8c24ae4979_record,unlabeled,onedrive_dataset_20260309_agents_129_255_amplifier_detail_cd8c24ae4979,agent_anby,account_import,amplifier_detail,equipment,amplificator,,RU,1440p,D:\IKA_DATA\ocr\raw\manual_screens\onedrive_dataset_20260309_agents_129_255\amplifier_detail\onedrive_dataset_20260309_agents_129_255_amplifier_detail_cd8c24ae4979.png,,,,,,,,,,,,,,,,,,,,,,,,,,,,,,,,,,
onedrive_dataset_20260309_agents_129_255_amplifier_detail_d4aef72a1a5a_record,unlabeled,onedrive_dataset_20260309_agents_129_255_amplifier_detail_d4aef72a1a5a,agent_jane_doe,account_import,amplifier_detail,equipment,amplificator,,RU,1440p,D:\IKA_DATA\ocr\raw\manual_screens\onedrive_dataset_20260309_agents_129_255\amplifier_detail\onedrive_dataset_20260309_agents_129_255_amplifier_detail_d4aef72a1a5a.png,,,,,,,,,,,,,,,,,,,,,,,,,,,,,,,,,,
onedrive_dataset_20260309_agents_129_255_amplifier_detail_f35efd4df361_record,unlabeled,onedrive_dataset_20260309_agents_129_255_amplifier_detail_f35efd4df361,agent_seth,account_import,amplifier_detail,equipment,amplificator,,RU,1440p,D:\IKA_DATA\ocr\raw\manual_screens\onedrive_dataset_20260309_agents_129_255\amplifier_detail\onedrive_dataset_20260309_agents_129_255_amplifier_detail_f35efd4df361.png,,,,,,,,,,,,,,,,,,,,,,,,,,,,,,,,,,
onedrive_dataset_20260309_agents_129_255_disk_detail_0173708f50cc_record,unlabeled,onedrive_dataset_20260309_agents_129_255_disk_detail_0173708f50cc,agent_jane_doe,account_import,disk_detail,equipment,disk3,3,RU,1440p,D:\IKA_DATA\ocr\raw\manual_screens\onedrive_dataset_20260309_agents_129_255\disk_detail\onedrive_dataset_20260309_agents_129_255_disk_detail_0173708f50cc.png,,,,,,,,,,,,,,,,,,,,,,,,,,,,,,,,,,
onedrive_dataset_20260309_agents_129_255_disk_detail_01ded76694c3_record,unlabeled,onedrive_dataset_20260309_agents_129_255_disk_detail_01ded76694c3,agent_anby,account_import,disk_detail,equipment,disk2,2,RU,1440p,D:\IKA_DATA\ocr\raw\manual_screens\onedrive_dataset_20260309_agents_129_255\disk_detail\onedrive_dataset_20260309_agents_129_255_disk_detail_01ded76694c3.png,,,,,,,,,,,,,,,,,,,,,,,,,,,,,,,,,,
onedrive_dataset_20260309_agents_129_255_disk_detail_06e5c3b50684_record,unlabeled,onedrive_dataset_20260309_agents_129_255_disk_detail_06e5c3b50684,agent_grace,account_import,disk_detail,equipment,disk1,1,RU,1440p,D:\IKA_DATA\ocr\raw\manual_screens\onedrive_dataset_20260309_agents_129_255\disk_detail\onedrive_dataset_20260309_agents_129_255_disk_detail_06e5c3b50684.png,,,,,,,,,,,,,,,,,,,,,,,,,,,,,,,,,,
onedrive_dataset_20260309_agents_129_255_disk_detail_07d3cd74d552_record,unlabeled,onedrive_dataset_20260309_agents_129_255_disk_detail_07d3cd74d552,agent_grace,account_import,disk_detail,equipment,disk4,4,RU,1440p,D:\IKA_DATA\ocr\raw\manual_screens\onedrive_dataset_20260309_agents_129_255\disk_detail\onedrive_dataset_20260309_agents_129_255_disk_detail_07d3cd74d552.png,,,,,,,,,,,,,,,,,,,,,,,,,,,,,,,,,,
onedrive_dataset_20260309_agents_129_255_disk_detail_08efe6dd8af9_record,unlabeled,onedrive_dataset_20260309_agents_129_255_disk_detail_08efe6dd8af9,agent_seth,account_import,disk_detail,equipment,disk3,3,RU,1440p,D:\IKA_DATA\ocr\raw\manual_screens\onedrive_dataset_20260309_agents_129_255\disk_detail\onedrive_dataset_20260309_agents_129_255_disk_detail_08efe6dd8af9.png,,,,,,,,,,,,,,,,,,,,,,,,,,,,,,,,,,
onedrive_dataset_20260309_agents_129_255_disk_detail_10ae02f88aef_record,unlabeled,onedrive_dataset_20260309_agents_129_255_disk_detail_10ae02f88aef,agent_piper,account_import,disk_detail,equipment,disk4,4,RU,1440p,D:\IKA_DATA\ocr\raw\manual_screens\onedrive_dataset_20260309_agents_129_255\disk_detail\onedrive_dataset_20260309_agents_129_255_disk_detail_10ae02f88aef.png,,,,,,,,,,,,,,,,,,,,,,,,,,,,,,,,,,
onedrive_dataset_20260309_agents_129_255_disk_detail_10e4849fa7d4_record,unlabeled,onedrive_dataset_20260309_agents_129_255_disk_detail_10e4849fa7d4,agent_soldier_11,account_import,disk_detail,equipment,disk1,1,RU,1440p,D:\IKA_DATA\ocr\raw\manual_screens\onedrive_dataset_20260309_agents_129_255\disk_detail\onedrive_dataset_20260309_agents_129_255_disk_detail_10e4849fa7d4.png,,,,,,,,,,,,,,,,,,,,,,,,,,,,,,,,,,
onedrive_dataset_20260309_agents_129_255_disk_detail_10ef99d4daf0_record,unlabeled,onedrive_dataset_20260309_agents_129_255_disk_detail_10ef99d4daf0,agent_harumasa,account_import,disk_detail,equipment,disk1,1,RU,1440p,D:\IKA_DATA\ocr\raw\manual_screens\onedrive_dataset_20260309_agents_129_255\disk_detail\onedrive_dataset_20260309_agents_129_255_disk_detail_10ef99d4daf0.png,,,,,,,,,,,,,,,,,,,,,,,,,,,,,,,,,,
onedrive_dataset_20260309_agents_129_255_disk_detail_13fb8255bb30_record,unlabeled,onedrive_dataset_20260309_agents_129_255_disk_detail_13fb8255bb30,agent_soldier_11,account_import,disk_detail,equipment,disk3,3,RU,1440p,D:\IKA_DATA\ocr\raw\manual_screens\onedrive_dataset_20260309_agents_129_255\disk_detail\onedrive_dataset_20260309_agents_129_255_disk_detail_13fb8255bb30.png,,,,,,,,,,,,,,,,,,,,,,,,,,,,,,,,,,
onedrive_dataset_20260309_agents_129_255_disk_detail_15d661505ae7_record,unlabeled,onedrive_dataset_20260309_agents_129_255_disk_detail_15d661505ae7,agent_harumasa,account_import,disk_detail,equipment,disk4,4,RU,1440p,D:\IKA_DATA\ocr\raw\manual_screens\onedrive_dataset_20260309_agents_129_255\disk_detail\onedrive_dataset_20260309_agents_129_255_disk_detail_15d661505ae7.png,,,,,,,,,,,,,,,,,,,,,,,,,,,,,,,,,,
onedrive_dataset_20260309_agents_129_255_disk_detail_1b33f8aa009e_record,unlabeled,onedrive_dataset_20260309_agents_129_255_disk_detail_1b33f8aa009e,agent_ye_shunguang,account_import,disk_detail,equipment,disk6,6,RU,1440p,D:\IKA_DATA\ocr\raw\manual_screens\onedrive_dataset_20260309_agents_129_255\disk_detail\onedrive_dataset_20260309_agents_129_255_disk_detail_1b33f8aa009e.png,,,,,,,,,,,,,,,,,,,,,,,,,,,,,,,,,,
onedrive_dataset_20260309_agents_129_255_disk_detail_24c585688d8f_record,unlabeled,onedrive_dataset_20260309_agents_129_255_disk_detail_24c585688d8f,agent_anby,account_import,disk_detail,equipment,disk5,5,RU,1440p,D:\IKA_DATA\ocr\raw\manual_screens\onedrive_dataset_20260309_agents_129_255\disk_detail\onedrive_dataset_20260309_agents_129_255_disk_detail_24c585688d8f.png,,,,,,,,,,,,,,,,,,,,,,,,,,,,,,,,,,
onedrive_dataset_20260309_agents_129_255_disk_detail_28164734699f_record,unlabeled,onedrive_dataset_20260309_agents_129_255_disk_detail_28164734699f,agent_lycaon,account_import,disk_detail,equipment,disk2,2,RU,1440p,D:\IKA_DATA\ocr\raw\manual_screens\onedrive_dataset_20260309_agents_129_255\disk_detail\onedrive_dataset_20260309_agents_129_255_disk_detail_28164734699f.png,,,,,,,,,,,,,,,,,,,,,,,,,,,,,,,,,,
onedrive_dataset_20260309_agents_129_255_disk_detail_3131af6b972b_record,unlabeled,onedrive_dataset_20260309_agents_129_255_disk_detail_3131af6b972b,agent_grace,account_import,disk_detail,equipment,disk5,5,RU,1440p,D:\IKA_DATA\ocr\raw\manual_screens\onedrive_dataset_20260309_agents_129_255\disk_detail\onedrive_dataset_20260309_agents_129_255_disk_detail_3131af6b972b.png,,,,,,,,,,,,,,,,,,,,,,,,,,,,,,,,,,
onedrive_dataset_20260309_agents_129_255_disk_detail_3633a5fd3e89_record,unlabeled,onedrive_dataset_20260309_agents_129_255_disk_detail_3633a5fd3e89,agent_anby,account_import,disk_detail,equipment,disk3,3,RU,1440p,D:\IKA_DATA\ocr\raw\manual_screens\onedrive_dataset_20260309_agents_129_255\disk_detail\onedrive_dataset_20260309_agents_129_255_disk_detail_3633a5fd3e89.png,,,,,,,,,,,,,,,,,,,,,,,,,,,,,,,,,,
onedrive_dataset_20260309_agents_129_255_disk_detail_3930226b3872_record,unlabeled,onedrive_dataset_20260309_agents_129_255_disk_detail_3930226b3872,agent_soukaku,account_import,disk_detail,equipment,disk2,2,RU,1440p,D:\IKA_DATA\ocr\raw\manual_screens\onedrive_dataset_20260309_agents_129_255\disk_detail\onedrive_dataset_20260309_agents_129_255_disk_detail_3930226b3872.png,,,,,,,,,,,,,,,,,,,,,,,,,,,,,,,,,,
onedrive_dataset_20260309_agents_129_255_disk_detail_396a1aee0bf7_record,unlabeled,onedrive_dataset_20260309_agents_129_255_disk_detail_396a1aee0bf7,agent_harumasa,account_import,disk_detail,equipment,disk5,5,RU,1440p,D:\IKA_DATA\ocr\raw\manual_screens\onedrive_dataset_20260309_agents_129_255\disk_detail\onedrive_dataset_20260309_agents_129_255_disk_detail_396a1aee0bf7.png,,,,,,,,,,,,,,,,,,,,,,,,,,,,,,,,,,
onedrive_dataset_20260309_agents_129_255_disk_detail_399b0db28d29_record,unlabeled,onedrive_dataset_20260309_agents_129_255_disk_detail_399b0db28d29,agent_piper,account_import,disk_detail,equipment,disk3,3,RU,1440p,D:\IKA_DATA\ocr\raw\manual_screens\onedrive_dataset_20260309_agents_129_255\disk_detail\onedrive_dataset_20260309_agents_129_255_disk_detail_399b0db28d29.png,,,,,,,,,,,,,,,,,,,,,,,,,,,,,,,,,,
onedrive_dataset_20260309_agents_129_255_disk_detail_3ee6a5a3ff96_record,unlabeled,onedrive_dataset_20260309_agents_129_255_disk_detail_3ee6a5a3ff96,agent_harumasa,account_import,disk_detail,equipment,disk6,6,RU,1440p,D:\IKA_DATA\ocr\raw\manual_screens\onedrive_dataset_20260309_agents_129_255\disk_detail\onedrive_dataset_20260309_agents_129_255_disk_detail_3ee6a5a3ff96.png,,,,,,,,,,,,,,,,,,,,,,,,,,,,,,,,,,
onedrive_dataset_20260309_agents_129_255_disk_detail_42144ebe3e1a_record,unlabeled,onedrive_dataset_20260309_agents_129_255_disk_detail_42144ebe3e1a,agent_piper,account_import,disk_detail,equipment,disk5,5,RU,1440p,D:\IKA_DATA\ocr\raw\manual_screens\onedrive_dataset_20260309_agents_129_255\disk_detail\onedrive_dataset_20260309_agents_129_255_disk_detail_42144ebe3e1a.png,,,,,,,,,,,,,,,,,,,,,,,,,,,,,,,,,,
onedrive_dataset_20260309_agents_129_255_disk_detail_49e72e8afa39_record,unlabeled,onedrive_dataset_20260309_agents_129_255_disk_detail_49e72e8afa39,agent_seth,account_import,disk_detail,equipment,disk6,6,RU,1440p,D:\IKA_DATA\ocr\raw\manual_screens\onedrive_dataset_20260309_agents_129_255\disk_detail\onedrive_dataset_20260309_agents_129_255_disk_detail_49e72e8afa39.png,,,,,,,,,,,,,,,,,,,,,,,,,,,,,,,,,,
onedrive_dataset_20260309_agents_129_255_disk_detail_4ca8bb5e2fae_record,unlabeled,onedrive_dataset_20260309_agents_129_255_disk_detail_4ca8bb5e2fae,agent_piper,account_import,disk_detail,equipment,disk2,2,RU,1440p,D:\IKA_DATA\ocr\raw\manual_screens\onedrive_dataset_20260309_agents_129_255\disk_detail\onedrive_dataset_20260309_agents_129_255_disk_detail_4ca8bb5e2fae.png,,,,,,,,,,,,,,,,,,,,,,,,,,,,,,,,,,
onedrive_dataset_20260309_agents_129_255_disk_detail_4cad08f416b6_record,unlabeled,onedrive_dataset_20260309_agents_129_255_disk_detail_4cad08f416b6,agent_seth,account_import,disk_detail,equipment,disk2,2,RU,1440p,D:\IKA_DATA\ocr\raw\manual_screens\onedrive_dataset_20260309_agents_129_255\disk_detail\onedrive_dataset_20260309_agents_129_255_disk_detail_4cad08f416b6.png,,,,,,,,,,,,,,,,,,,,,,,,,,,,,,,,,,
onedrive_dataset_20260309_agents_129_255_disk_detail_4dffc0706afa_record,unlabeled,onedrive_dataset_20260309_agents_129_255_disk_detail_4dffc0706afa,agent_lycaon,account_import,disk_detail,equipment,disk4,4,RU,1440p,D:\IKA_DATA\ocr\raw\manual_screens\onedrive_dataset_20260309_agents_129_255\disk_detail\onedrive_dataset_20260309_agents_129_255_disk_detail_4dffc0706afa.png,,,,,,,,,,,,,,,,,,,,,,,,,,,,,,,,,,
onedrive_dataset_20260309_agents_129_255_disk_detail_54f310f99a38_record,unlabeled,onedrive_dataset_20260309_agents_129_255_disk_detail_54f310f99a38,agent_ye_shunguang,account_import,disk_detail,equipment,disk5,5,RU,1440p,D:\IKA_DATA\ocr\raw\manual_screens\onedrive_dataset_20260309_agents_129_255\disk_detail\onedrive_dataset_20260309_agents_129_255_disk_detail_54f310f99a38.png,,,,,,,,,,,,,,,,,,,,,,,,,,,,,,,,,,
onedrive_dataset_20260309_agents_129_255_disk_detail_565a23c78be3_record,unlabeled,onedrive_dataset_20260309_agents_129_255_disk_detail_565a23c78be3,agent_lycaon,account_import,disk_detail,equipment,disk6,6,RU,1440p,D:\IKA_DATA\ocr\raw\manual_screens\onedrive_dataset_20260309_agents_129_255\disk_detail\onedrive_dataset_20260309_agents_129_255_disk_detail_565a23c78be3.png,,,,,,,,,,,,,,,,,,,,,,,,,,,,,,,,,,
onedrive_dataset_20260309_agents_129_255_disk_detail_5907f5c313a7_record,unlabeled,onedrive_dataset_20260309_agents_129_255_disk_detail_5907f5c313a7,agent_anby,account_import,disk_detail,equipment,disk6,6,RU,1440p,D:\IKA_DATA\ocr\raw\manual_screens\onedrive_dataset_20260309_agents_129_255\disk_detail\onedrive_dataset_20260309_agents_129_255_disk_detail_5907f5c313a7.png,,,,,,,,,,,,,,,,,,,,,,,,,,,,,,,,,,
onedrive_dataset_20260309_agents_129_255_disk_detail_593e9004d50d_record,unlabeled,onedrive_dataset_20260309_agents_129_255_disk_detail_593e9004d50d,agent_seth,account_import,disk_detail,equipment,disk4,4,RU,1440p,D:\IKA_DATA\ocr\raw\manual_screens\onedrive_dataset_20260309_agents_129_255\disk_detail\onedrive_dataset_20260309_agents_129_255_disk_detail_593e9004d50d.png,,,,,,,,,,,,,,,,,,,,,,,,,,,,,,,,,,
onedrive_dataset_20260309_agents_129_255_disk_detail_5c1bfc384a60_record,unlabeled,onedrive_dataset_20260309_agents_129_255_disk_detail_5c1bfc384a60,agent_soldier_11,account_import,disk_detail,equipment,disk2,2,RU,1440p,D:\IKA_DATA\ocr\raw\manual_screens\onedrive_dataset_20260309_agents_129_255\disk_detail\onedrive_dataset_20260309_agents_129_255_disk_detail_5c1bfc384a60.png,,,,,,,,,,,,,,,,,,,,,,,,,,,,,,,,,,
onedrive_dataset_20260309_agents_129_255_disk_detail_5d68454f6931_record,unlabeled,onedrive_dataset_20260309_agents_129_255_disk_detail_5d68454f6931,agent_piper,account_import,disk_detail,equipment,disk6,6,RU,1440p,D:\IKA_DATA\ocr\raw\manual_screens\onedrive_dataset_20260309_agents_129_255\disk_detail\onedrive_dataset_20260309_agents_129_255_disk_detail_5d68454f6931.png,,,,,,,,,,,,,,,,,,,,,,,,,,,,,,,,,,
onedrive_dataset_20260309_agents_129_255_disk_detail_687762a60798_record,unlabeled,onedrive_dataset_20260309_agents_129_255_disk_detail_687762a60798,agent_soldier_11,account_import,disk_detail,equipment,disk6,6,RU,1440p,D:\IKA_DATA\ocr\raw\manual_screens\onedrive_dataset_20260309_agents_129_255\disk_detail\onedrive_dataset_20260309_agents_129_255_disk_detail_687762a60798.png,,,,,,,,,,,,,,,,,,,,,,,,,,,,,,,,,,
onedrive_dataset_20260309_agents_129_255_disk_detail_69fbf6c6b649_record,unlabeled,onedrive_dataset_20260309_agents_129_255_disk_detail_69fbf6c6b649,agent_soukaku,account_import,disk_detail,equipment,disk5,5,RU,1440p,D:\IKA_DATA\ocr\raw\manual_screens\onedrive_dataset_20260309_agents_129_255\disk_detail\onedrive_dataset_20260309_agents_129_255_disk_detail_69fbf6c6b649.png,,,,,,,,,,,,,,,,,,,,,,,,,,,,,,,,,,
onedrive_dataset_20260309_agents_129_255_disk_detail_705c711156ea_record,unlabeled,onedrive_dataset_20260309_agents_129_255_disk_detail_705c711156ea,agent_anby,account_import,disk_detail,equipment,disk1,1,RU,1440p,D:\IKA_DATA\ocr\raw\manual_screens\onedrive_dataset_20260309_agents_129_255\disk_detail\onedrive_dataset_20260309_agents_129_255_disk_detail_705c711156ea.png,,,,,,,,,,,,,,,,,,,,,,,,,,,,,,,,,,
onedrive_dataset_20260309_agents_129_255_disk_detail_7698a868451e_record,unlabeled,onedrive_dataset_20260309_agents_129_255_disk_detail_7698a868451e,agent_anby,account_import,disk_detail,equipment,disk4,4,RU,1440p,D:\IKA_DATA\ocr\raw\manual_screens\onedrive_dataset_20260309_agents_129_255\disk_detail\onedrive_dataset_20260309_agents_129_255_disk_detail_7698a868451e.png,,,,,,,,,,,,,,,,,,,,,,,,,,,,,,,,,,
onedrive_dataset_20260309_agents_129_255_disk_detail_77ab646f0f5f_record,unlabeled,onedrive_dataset_20260309_agents_129_255_disk_detail_77ab646f0f5f,agent_lucy,account_import,disk_detail,equipment,disk5,5,RU,1440p,D:\IKA_DATA\ocr\raw\manual_screens\onedrive_dataset_20260309_agents_129_255\disk_detail\onedrive_dataset_20260309_agents_129_255_disk_detail_77ab646f0f5f.png,,,,,,,,,,,,,,,,,,,,,,,,,,,,,,,,,,
onedrive_dataset_20260309_agents_129_255_disk_detail_7cbbb2689e74_record,unlabeled,onedrive_dataset_20260309_agents_129_255_disk_detail_7cbbb2689e74,agent_harumasa,account_import,disk_detail,equipment,disk3,3,RU,1440p,D:\IKA_DATA\ocr\raw\manual_screens\onedrive_dataset_20260309_agents_129_255\disk_detail\onedrive_dataset_20260309_agents_129_255_disk_detail_7cbbb2689e74.png,,,,,,,,,,,,,,,,,,,,,,,,,,,,,,,,,,
onedrive_dataset_20260309_agents_129_255_disk_detail_87064a27d153_record,unlabeled,onedrive_dataset_20260309_agents_129_255_disk_detail_87064a27d153,agent_soukaku,account_import,disk_detail,equipment,disk3,3,RU,1440p,D:\IKA_DATA\ocr\raw\manual_screens\onedrive_dataset_20260309_agents_129_255\disk_detail\onedrive_dataset_20260309_agents_129_255_disk_detail_87064a27d153.png,,,,,,,,,,,,,,,,,,,,,,,,,,,,,,,,,,
onedrive_dataset_20260309_agents_129_255_disk_detail_87321e9fe019_record,unlabeled,onedrive_dataset_20260309_agents_129_255_disk_detail_87321e9fe019,agent_seth,account_import,disk_detail,equipment,disk1,1,RU,1440p,D:\IKA_DATA\ocr\raw\manual_screens\onedrive_dataset_20260309_agents_129_255\disk_detail\onedrive_dataset_20260309_agents_129_255_disk_detail_87321e9fe019.png,,,,,,,,,,,,,,,,,,,,,,,,,,,,,,,,,,
onedrive_dataset_20260309_agents_129_255_disk_detail_89c06d0bed4c_record,unlabeled,onedrive_dataset_20260309_agents_129_255_disk_detail_89c06d0bed4c,agent_lucy,account_import,disk_detail,equipment,disk6,6,RU,1440p,D:\IKA_DATA\ocr\raw\manual_screens\onedrive_dataset_20260309_agents_129_255\disk_detail\onedrive_dataset_20260309_agents_129_255_disk_detail_89c06d0bed4c.png,,,,,,,,,,,,,,,,,,,,,,,,,,,,,,,,,,
onedrive_dataset_20260309_agents_129_255_disk_detail_8f109f9e617d_record,unlabeled,onedrive_dataset_20260309_agents_129_255_disk_detail_8f109f9e617d,agent_billy,account_import,disk_detail,equipment,disk6,6,RU,1440p,D:\IKA_DATA\ocr\raw\manual_screens\onedrive_dataset_20260309_agents_129_255\disk_detail\onedrive_dataset_20260309_agents_129_255_disk_detail_8f109f9e617d.png,,,,,,,,,,,,,,,,,,,,,,,,,,,,,,,,,,
onedrive_dataset_20260309_agents_129_255_disk_detail_911fafb9c4e5_record,unlabeled,onedrive_dataset_20260309_agents_129_255_disk_detail_911fafb9c4e5,agent_harumasa,account_import,disk_detail,equipment,disk2,2,RU,1440p,D:\IKA_DATA\ocr\raw\manual_screens\onedrive_dataset_20260309_agents_129_255\disk_detail\onedrive_dataset_20260309_agents_129_255_disk_detail_911fafb9c4e5.png,,,,,,,,,,,,,,,,,,,,,,,,,,,,,,,,,,
onedrive_dataset_20260309_agents_129_255_disk_detail_970e43ae9b70_record,unlabeled,onedrive_dataset_20260309_agents_129_255_disk_detail_970e43ae9b70,agent_ye_shunguang,account_import,disk_detail,equipment,disk4,4,RU,1440p,D:\IKA_DATA\ocr\raw\manual_screens\onedrive_dataset_20260309_agents_129_255\disk_detail\onedrive_dataset_20260309_agents_129_255_disk_detail_970e43ae9b70.png,,,,,,,,,,,,,,,,,,,,,,,,,,,,,,,,,,
onedrive_dataset_20260309_agents_129_255_disk_detail_972a2563dcd9_record,unlabeled,onedrive_dataset_20260309_agents_129_255_disk_detail_972a2563dcd9,agent_soukaku,account_import,disk_detail,equipment,disk6,6,RU,1440p,D:\IKA_DATA\ocr\raw\manual_screens\onedrive_dataset_20260309_agents_129_255\disk_detail\onedrive_dataset_20260309_agents_129_255_disk_detail_972a2563dcd9.png,,,,,,,,,,,,,,,,,,,,,,,,,,,,,,,,,,
onedrive_dataset_20260309_agents_129_255_disk_detail_9972234ff8bd_record,unlabeled,onedrive_dataset_20260309_agents_129_255_disk_detail_9972234ff8bd,agent_lucy,account_import,disk_detail,equipment,disk3,3,RU,1440p,D:\IKA_DATA\ocr\raw\manual_screens\onedrive_dataset_20260309_agents_129_255\disk_detail\onedrive_dataset_20260309_agents_129_255_disk_detail_9972234ff8bd.png,,,,,,,,,,,,,,,,,,,,,,,,,,,,,,,,,,
onedrive_dataset_20260309_agents_129_255_disk_detail_99ad599fff19_record,unlabeled,onedrive_dataset_20260309_agents_129_255_disk_detail_99ad599fff19,agent_ye_shunguang,account_import,disk_detail,equipment,disk3,3,RU,1440p,D:\IKA_DATA\ocr\raw\manual_screens\onedrive_dataset_20260309_agents_129_255\disk_detail\onedrive_dataset_20260309_agents_129_255_disk_detail_99ad599fff19.png,,,,,,,,,,,,,,,,,,,,,,,,,,,,,,,,,,
onedrive_dataset_20260309_agents_129_255_disk_detail_9ce50a1a2edd_record,unlabeled,onedrive_dataset_20260309_agents_129_255_disk_detail_9ce50a1a2edd,agent_seth,account_import,disk_detail,equipment,disk5,5,RU,1440p,D:\IKA_DATA\ocr\raw\manual_screens\onedrive_dataset_20260309_agents_129_255\disk_detail\onedrive_dataset_20260309_agents_129_255_disk_detail_9ce50a1a2edd.png,,,,,,,,,,,,,,,,,,,,,,,,,,,,,,,,,,
onedrive_dataset_20260309_agents_129_255_disk_detail_9deaf57f9cfe_record,unlabeled,onedrive_dataset_20260309_agents_129_255_disk_detail_9deaf57f9cfe,agent_lycaon,account_import,disk_detail,equipment,disk1,1,RU,1440p,D:\IKA_DATA\ocr\raw\manual_screens\onedrive_dataset_20260309_agents_129_255\disk_detail\onedrive_dataset_20260309_agents_129_255_disk_detail_9deaf57f9cfe.png,,,,,,,,,,,,,,,,,,,,,,,,,,,,,,,,,,
onedrive_dataset_20260309_agents_129_255_disk_detail_a9d58f7589f6_record,unlabeled,onedrive_dataset_20260309_agents_129_255_disk_detail_a9d58f7589f6,agent_billy,account_import,disk_detail,equipment,disk1,1,RU,1440p,D:\IKA_DATA\ocr\raw\manual_screens\onedrive_dataset_20260309_agents_129_255\disk_detail\onedrive_dataset_20260309_agents_129_255_disk_detail_a9d58f7589f6.png,,,,,,,,,,,,,,,,,,,,,,,,,,,,,,,,,,
onedrive_dataset_20260309_agents_129_255_disk_detail_afdfeeb8132d_record,unlabeled,onedrive_dataset_20260309_agents_129_255_disk_detail_afdfeeb8132d,agent_billy,account_import,disk_detail,equipment,disk4,4,RU,1440p,D:\IKA_DATA\ocr\raw\manual_screens\onedrive_dataset_20260309_agents_129_255\disk_detail\onedrive_dataset_20260309_agents_129_255_disk_detail_afdfeeb8132d.png,,,,,,,,,,,,,,,,,,,,,,,,,,,,,,,,,,
onedrive_dataset_20260309_agents_129_255_disk_detail_b906e88ade4f_record,unlabeled,onedrive_dataset_20260309_agents_129_255_disk_detail_b906e88ade4f,agent_soukaku,account_import,disk_detail,equipment,disk4,4,RU,1440p,D:\IKA_DATA\ocr\raw\manual_screens\onedrive_dataset_20260309_agents_129_255\disk_detail\onedrive_dataset_20260309_agents_129_255_disk_detail_b906e88ade4f.png,,,,,,,,,,,,,,,,,,,,,,,,,,,,,,,,,,
onedrive_dataset_20260309_agents_129_255_disk_detail_bdd19a6ef1ef_record,unlabeled,onedrive_dataset_20260309_agents_129_255_disk_detail_bdd19a6ef1ef,agent_lycaon,account_import,disk_detail,equipment,disk3,3,RU,1440p,D:\IKA_DATA\ocr\raw\manual_screens\onedrive_dataset_20260309_agents_129_255\disk_detail\onedrive_dataset_20260309_agents_129_255_disk_detail_bdd19a6ef1ef.png,,,,,,,,,,,,,,,,,,,,,,,,,,,,,,,,,,
onedrive_dataset_20260309_agents_129_255_disk_detail_bedd389f32c5_record,unlabeled,onedrive_dataset_20260309_agents_129_255_disk_detail_bedd389f32c5,agent_jane_doe,account_import,disk_detail,equipment,disk5,5,RU,1440p,D:\IKA_DATA\ocr\raw\manual_screens\onedrive_dataset_20260309_agents_129_255\disk_detail\onedrive_dataset_20260309_agents_129_255_disk_detail_bedd389f32c5.png,,,,,,,,,,,,,,,,,,,,,,,,,,,,,,,,,,
onedrive_dataset_20260309_agents_129_255_disk_detail_c5750faed356_record,unlabeled,onedrive_dataset_20260309_agents_129_255_disk_detail_c5750faed356,agent_jane_doe,account_import,disk_detail,equipment,disk6,6,RU,1440p,D:\IKA_DATA\ocr\raw\manual_screens\onedrive_dataset_20260309_agents_129_255\disk_detail\onedrive_dataset_20260309_agents_129_255_disk_detail_c5750faed356.png,,,,,,,,,,,,,,,,,,,,,,,,,,,,,,,,,,
onedrive_dataset_20260309_agents_129_255_disk_detail_d78f9499cbb9_record,unlabeled,onedrive_dataset_20260309_agents_129_255_disk_detail_d78f9499cbb9,agent_lycaon,account_import,disk_detail,equipment,disk5,5,RU,1440p,D:\IKA_DATA\ocr\raw\manual_screens\onedrive_dataset_20260309_agents_129_255\disk_detail\onedrive_dataset_20260309_agents_129_255_disk_detail_d78f9499cbb9.png,,,,,,,,,,,,,,,,,,,,,,,,,,,,,,,,,,
onedrive_dataset_20260309_agents_129_255_disk_detail_dd3035c37708_record,unlabeled,onedrive_dataset_20260309_agents_129_255_disk_detail_dd3035c37708,agent_grace,account_import,disk_detail,equipment,disk6,6,RU,1440p,D:\IKA_DATA\ocr\raw\manual_screens\onedrive_dataset_20260309_agents_129_255\disk_detail\onedrive_dataset_20260309_agents_129_255_disk_detail_dd3035c37708.png,,,,,,,,,,,,,,,,,,,,,,,,,,,,,,,,,,
onedrive_dataset_20260309_agents_129_255_disk_detail_e02b3f9e57b2_record,unlabeled,onedrive_dataset_20260309_agents_129_255_disk_detail_e02b3f9e57b2,agent_ye_shunguang,account_import,disk_detail,equipment,disk1,1,RU,1440p,D:\IKA_DATA\ocr\raw\manual_screens\onedrive_dataset_20260309_agents_129_255\disk_detail\onedrive_dataset_20260309_agents_129_255_disk_detail_e02b3f9e57b2.png,,,,,,,,,,,,,,,,,,,,,,,,,,,,,,,,,,
onedrive_dataset_20260309_agents_129_255_disk_detail_e0e770ecad2e_record,unlabeled,onedrive_dataset_20260309_agents_129_255_disk_detail_e0e770ecad2e,agent_soldier_11,account_import,disk_detail,equipment,disk4,4,RU,1440p,D:\IKA_DATA\ocr\raw\manual_screens\onedrive_dataset_20260309_agents_129_255\disk_detail\onedrive_dataset_20260309_agents_129_255_disk_detail_e0e770ecad2e.png,,,,,,,,,,,,,,,,,,,,,,,,,,,,,,,,,,
onedrive_dataset_20260309_agents_129_255_disk_detail_e10d4e87c974_record,unlabeled,onedrive_dataset_20260309_agents_129_255_disk_detail_e10d4e87c974,agent_jane_doe,account_import,disk_detail,equipment,disk1,1,RU,1440p,D:\IKA_DATA\ocr\raw\manual_screens\onedrive_dataset_20260309_agents_129_255\disk_detail\onedrive_dataset_20260309_agents_129_255_disk_detail_e10d4e87c974.png,,,,,,,,,,,,,,,,,,,,,,,,,,,,,,,,,,
onedrive_dataset_20260309_agents_129_255_disk_detail_e4431392dbd4_record,unlabeled,onedrive_dataset_20260309_agents_129_255_disk_detail_e4431392dbd4,agent_soukaku,account_import,disk_detail,equipment,disk1,1,RU,1440p,D:\IKA_DATA\ocr\raw\manual_screens\onedrive_dataset_20260309_agents_129_255\disk_detail\onedrive_dataset_20260309_agents_129_255_disk_detail_e4431392dbd4.png,,,,,,,,,,,,,,,,,,,,,,,,,,,,,,,,,,
onedrive_dataset_20260309_agents_129_255_disk_detail_e7ab030ceae8_record,unlabeled,onedrive_dataset_20260309_agents_129_255_disk_detail_e7ab030ceae8,agent_jane_doe,account_import,disk_detail,equipment,disk2,2,RU,1440p,D:\IKA_DATA\ocr\raw\manual_screens\onedrive_dataset_20260309_agents_129_255\disk_detail\onedrive_dataset_20260309_agents_129_255_disk_detail_e7ab030ceae8.png,,,,,,,,,,,,,,,,,,,,,,,,,,,,,,,,,,
onedrive_dataset_20260309_agents_129_255_disk_detail_ea3cb893bc58_record,unlabeled,onedrive_dataset_20260309_agents_129_255_disk_detail_ea3cb893bc58,agent_piper,account_import,disk_detail,equipment,disk1,1,RU,1440p,D:\IKA_DATA\ocr\raw\manual_screens\onedrive_dataset_20260309_agents_129_255\disk_detail\onedrive_dataset_20260309_agents_129_255_disk_detail_ea3cb893bc58.png,,,,,,,,,,,,,,,,,,,,,,,,,,,,,,,,,,
onedrive_dataset_20260309_agents_129_255_disk_detail_ec14b5d6f019_record,unlabeled,onedrive_dataset_20260309_agents_129_255_disk_detail_ec14b5d6f019,agent_ye_shunguang,account_import,disk_detail,equipment,disk2,2,RU,1440p,D:\IKA_DATA\ocr\raw\manual_screens\onedrive_dataset_20260309_agents_129_255\disk_detail\onedrive_dataset_20260309_agents_129_255_disk_detail_ec14b5d6f019.png,,,,,,,,,,,,,,,,,,,,,,,,,,,,,,,,,,
onedrive_dataset_20260309_agents_129_255_disk_detail_ed9f7d0bf675_record,unlabeled,onedrive_dataset_20260309_agents_129_255_disk_detail_ed9f7d0bf675,agent_soldier_11,account_import,disk_detail,equipment,disk5,5,RU,1440p,D:\IKA_DATA\ocr\raw\manual_screens\onedrive_dataset_20260309_agents_129_255\disk_detail\onedrive_dataset_20260309_agents_129_255_disk_detail_ed9f7d0bf675.png,,,,,,,,,,,,,,,,,,,,,,,,,,,,,,,,,,
onedrive_dataset_20260309_agents_129_255_disk_detail_f84b4ec714b2_record,unlabeled,onedrive_dataset_20260309_agents_129_255_disk_detail_f84b4ec714b2,agent_jane_doe,account_import,disk_detail,equipment,disk4,4,RU,1440p,D:\IKA_DATA\ocr\raw\manual_screens\onedrive_dataset_20260309_agents_129_255\disk_detail\onedrive_dataset_20260309_agents_129_255_disk_detail_f84b4ec714b2.png,,,,,,,,,,,,,,,,,,,,,,,,,,,,,,,,,,
onedrive_dataset_20260309_agents_129_255_disk_detail_ff1e63ee268e_record,unlabeled,onedrive_dataset_20260309_agents_129_255_disk_detail_ff1e63ee268e,agent_grace,account_import,disk_detail,equipment,disk3,3,RU,1440p,D:\IKA_DATA\ocr\raw\manual_screens\onedrive_dataset_20260309_agents_129_255\disk_detail\onedrive_dataset_20260309_agents_129_255_disk_detail_ff1e63ee268e.png,,,,,,,,,,,,,,,,,,,,,,,,,,,,,,,,,,
onedrive_dataset_20260309_agents_129_255_equipment_069031e39e60_record,unlabeled,onedrive_dataset_20260309_agents_129_255_equipment_069031e39e60,agent_grace,account_import,equipment,equipment,equipment,,RU,1440p,D:\IKA_DATA\ocr\raw\manual_screens\onedrive_dataset_20260309_agents_129_255\equipment\onedrive_dataset_20260309_agents_129_255_equipment_069031e39e60.png,,,,,,,,,,,,,,,,,,,,,,,,,,,,,,,,,,
onedrive_dataset_20260309_agents_129_255_equipment_171fd8749742_record,unlabeled,onedrive_dataset_20260309_agents_129_255_equipment_171fd8749742,agent_jane_doe,account_import,equipment,equipment,equipment,,RU,1440p,D:\IKA_DATA\ocr\raw\manual_screens\onedrive_dataset_20260309_agents_129_255\equipment\onedrive_dataset_20260309_agents_129_255_equipment_171fd8749742.png,,,,,,,,,,,,,,,,,,,,,,,,,,,,,,,,,,
onedrive_dataset_20260309_agents_129_255_equipment_1d627a5b414f_record,unlabeled,onedrive_dataset_20260309_agents_129_255_equipment_1d627a5b414f,agent_seth,account_import,equipment,equipment,equipment,,RU,1440p,D:\IKA_DATA\ocr\raw\manual_screens\onedrive_dataset_20260309_agents_129_255\equipment\onedrive_dataset_20260309_agents_129_255_equipment_1d627a5b414f.png,,,,,,,,,,,,,,,,,,,,,,,,,,,,,,,,,,
onedrive_dataset_20260309_agents_129_255_equipment_20f1fab6a376_record,unlabeled,onedrive_dataset_20260309_agents_129_255_equipment_20f1fab6a376,agent_lycaon,account_import,equipment,equipment,equipment,,RU,1440p,D:\IKA_DATA\ocr\raw\manual_screens\onedrive_dataset_20260309_agents_129_255\equipment\onedrive_dataset_20260309_agents_129_255_equipment_20f1fab6a376.png,,,,,,,,,,,,,,,,,,,,,,,,,,,,,,,,,,
onedrive_dataset_20260309_agents_129_255_equipment_251a57f27dcf_record,unlabeled,onedrive_dataset_20260309_agents_129_255_equipment_251a57f27dcf,agent_piper,account_import,equipment,equipment,equipment,,RU,1440p,D:\IKA_DATA\ocr\raw\manual_screens\onedrive_dataset_20260309_agents_129_255\equipment\onedrive_dataset_20260309_agents_129_255_equipment_251a57f27dcf.png,,,,,,,,,,,,,,,,,,,,,,,,,,,,,,,,,,
onedrive_dataset_20260309_agents_129_255_equipment_2c50c4dea027_record,unlabeled,onedrive_dataset_20260309_agents_129_255_equipment_2c50c4dea027,agent_nicole,account_import,equipment,equipment,equipment,,RU,1440p,D:\IKA_DATA\ocr\raw\manual_screens\onedrive_dataset_20260309_agents_129_255\equipment\onedrive_dataset_20260309_agents_129_255_equipment_2c50c4dea027.png,,,,,,,,,,,,,,,,,,,,,,,,,,,,,,,,,,
onedrive_dataset_20260309_agents_129_255_equipment_3a0f317d2f5a_record,unlabeled,onedrive_dataset_20260309_agents_129_255_equipment_3a0f317d2f5a,agent_soldier_11,account_import,equipment,equipment,equipment,,RU,1440p,D:\IKA_DATA\ocr\raw\manual_screens\onedrive_dataset_20260309_agents_129_255\equipment\onedrive_dataset_20260309_agents_129_255_equipment_3a0f317d2f5a.png,,,,,,,,,,,,,,,,,,,,,,,,,,,,,,,,,,
onedrive_dataset_20260309_agents_129_255_equipment_651752dc769e_record,unlabeled,onedrive_dataset_20260309_agents_129_255_equipment_651752dc769e,agent_ye_shunguang,account_import,equipment,equipment,equipment,,RU,1440p,D:\IKA_DATA\ocr\raw\manual_screens\onedrive_dataset_20260309_agents_129_255\equipment\onedrive_dataset_20260309_agents_129_255_equipment_651752dc769e.png,,,,,,,,,,,,,,,,,,,,,,,,,,,,,,,,,,
onedrive_dataset_20260309_agents_129_255_equipment_741b10c7c770_record,unlabeled,onedrive_dataset_20260309_agents_129_255_equipment_741b10c7c770,agent_ben,account_import,equipment,equipment,equipment,,RU,1440p,D:\IKA_DATA\ocr\raw\manual_screens\onedrive_dataset_20260309_agents_129_255\equipment\onedrive_dataset_20260309_agents_129_255_equipment_741b10c7c770.png,,,,,,,,,,,,,,,,,,,,,,,,,,,,,,,,,,
onedrive_dataset_20260309_agents_129_255_equipment_77f600789d4c_record,unlabeled,onedrive_dataset_20260309_agents_129_255_equipment_77f600789d4c,agent_anby,account_import,equipment,equipment,equipment,,RU,1440p,D:\IKA_DATA\ocr\raw\manual_screens\onedrive_dataset_20260309_agents_129_255\equipment\onedrive_dataset_20260309_agents_129_255_equipment_77f600789d4c.png,,,,,,,,,,,,,,,,,,,,,,,,,,,,,,,,,,
onedrive_dataset_20260309_agents_129_255_equipment_89790e075d98_record,unlabeled,onedrive_dataset_20260309_agents_129_255_equipment_89790e075d98,agent_lucy,account_import,equipment,equipment,equipment,,RU,1440p,D:\IKA_DATA\ocr\raw\manual_screens\onedrive_dataset_20260309_agents_129_255\equipment\onedrive_dataset_20260309_agents_129_255_equipment_89790e075d98.png,,,,,,,,,,,,,,,,,,,,,,,,,,,,,,,,,,
onedrive_dataset_20260309_agents_129_255_equipment_95781c24c7b0_record,unlabeled,onedrive_dataset_20260309_agents_129_255_equipment_95781c24c7b0,agent_billy,account_import,equipment,equipment,equipment,,RU,1440p,D:\IKA_DATA\ocr\raw\manual_screens\onedrive_dataset_20260309_agents_129_255\equipment\onedrive_dataset_20260309_agents_129_255_equipment_95781c24c7b0.png,,,,,,,,,,,,,,,,,,,,,,,,,,,,,,,,,,
onedrive_dataset_20260309_agents_129_255_equipment_9a276953d901_record,unlabeled,onedrive_dataset_20260309_agents_129_255_equipment_9a276953d901,agent_soukaku,account_import,equipment,equipment,equipment,,RU,1440p,D:\IKA_DATA\ocr\raw\manual_screens\onedrive_dataset_20260309_agents_129_255\equipment\onedrive_dataset_20260309_agents_129_255_equipment_9a276953d901.png,,,,,,,,,,,,,,,,,,,,,,,,,,,,,,,,,,
onedrive_dataset_20260309_agents_129_255_equipment_f91a36dc1270_record,unlabeled,onedrive_dataset_20260309_agents_129_255_equipment_f91a36dc1270,agent_harumasa,account_import,equipment,equipment,equipment,,RU,1440p,D:\IKA_DATA\ocr\raw\manual_screens\onedrive_dataset_20260309_agents_129_255\equipment\onedrive_dataset_20260309_agents_129_255_equipment_f91a36dc1270.png,,,,,,,,,,,,,,,,,,,,,,,,,,,,,,,,,,
