id,sessionId,path,currentUidFull,widgetOcrUidFull,predictedUidFull,predictionMinConfidence,status,resolvedUidFull,reason
batch_001_ru_uid_panel_01ef3d41fa88_record,batch_001_ru,D:\IKA_DATA\ocr\raw\manual_screens\batch_001_ru\uid_panel\batch_001_ru_uid_panel_01ef3d41fa88.png,1501400540,1504972490,1504972490,0.981912,trusted_fix,1504972490,widget_ocr_matches_bootstrap_prediction
batch_001_ru_uid_panel_039b031fc2af_record,batch_001_ru,D:\IKA_DATA\ocr\raw\manual_screens\batch_001_ru\uid_panel\batch_001_ru_uid_panel_039b031fc2af.png,1502030953,1502417927,1502417927,0.896745,trusted_fix,1502417927,widget_ocr_matches_bootstrap_prediction
batch_001_ru_uid_panel_0466d8eb3b11_record,batch_001_ru,D:\IKA_DATA\ocr\raw\manual_screens\batch_001_ru\uid_panel\batch_001_ru_uid_panel_0466d8eb3b11.png,1502030953,1506809383,1506809383,0.897415,trusted_fix,1506809383,widget_ocr_matches_bootstrap_prediction
batch_001_ru_uid_panel_0724e7bb41f9_record,batch_001_ru,D:\IKA_DATA\ocr\raw\manual_screens\batch_001_ru\uid_panel\batch_001_ru_uid_panel_0724e7bb41f9.png,1507149771,1507041293,1507041293,0.9684,trusted_fix,1507041293,widget_ocr_matches_bootstrap_prediction
batch_001_ru_uid_panel_0d81c52e7da0_record,batch_001_ru,D:\IKA_DATA\ocr\raw\manual_screens\batch_001_ru\uid_panel\batch_001_ru_uid_panel_0d81c52e7da0.png,1506799816,1505426063,1505426063,0.877518,trusted_fix,1505426063,widget_ocr_matches_bootstrap_prediction
batch_001_ru_uid_panel_1b3aee5f97d7_record,batch_001_ru,D:\IKA_DATA\ocr\raw\manual_screens\batch_001_ru\uid_panel\batch_001_ru_uid_panel_1b3aee5f97d7.png,1504693880,1506490945,1506490945,0.97095,trusted_fix,1506490945,widget_ocr_matches_bootstrap_prediction
batch_001_ru_uid_panel_202bee63c3ff_record,batch_001_ru,D:\IKA_DATA\ocr\raw\manual_screens\batch_001_ru\uid_panel\batch_001_ru_uid_panel_202bee63c3ff.png,1500474507,1505916000,1505916000,0.954774,trusted_fix,1505916000,widget_ocr_matches_bootstrap_prediction
batch_001_ru_uid_panel_20918f317bb5_record,batch_001_ru,D:\IKA_DATA\ocr\raw\manual_screens\batch_001_ru\uid_panel\batch_001_ru_uid_panel_20918f317bb5.png,1500198244,1503990963,1503990963,0.34457,trusted_fix,1503990963,widget_ocr_matches_bootstrap_prediction
batch_001_ru_uid_panel_211f07c09114_record,batch_001_ru,D:\IKA_DATA\ocr\raw\manual_screens\batch_001_ru\uid_panel\batch_001_ru_uid_panel_211f07c09114.png,1505212923,1501766317,1501766317,0.916281,trusted_fix,1501766317,widget_ocr_matches_bootstrap_prediction
batch_001_ru_uid_panel_2318879cc7a2_record,batch_001_ru,D:\IKA_DATA\ocr\raw\manual_screens\batch_001_ru\uid_panel\batch_001_ru_uid_panel_2318879cc7a2.png,1501400540,1502053560,1502053560,0.897415,trusted_fix,1502053560,widget_ocr_matches_bootstrap_prediction
batch_001_ru_uid_panel_234427b0d225_record,batch_001_ru,D:\IKA_DATA\ocr\raw\manual_screens\batch_001_ru\uid_panel\batch_001_ru_uid_panel_234427b0d225.png,1507149771,1505914068,1505914068,0.955774,trusted_fix,1505914068,widget_ocr_matches_bootstrap_prediction
batch_001_ru_uid_panel_287964c4f15e_record,batch_001_ru,D:\IKA_DATA\ocr\raw\manual_screens\batch_001_ru\uid_panel\batch_001_ru_uid_panel_287964c4f15e.png,1504693880,1504563397,1504563397,0.248932,trusted_fix,1504563397,widget_ocr_matches_bootstrap_prediction
batch_001_ru_uid_panel_3129a8ebc3e5_record,batch_001_ru,D:\IKA_DATA\ocr\raw\manual_screens\batch_001_ru\uid_panel\batch_001_ru_uid_panel_3129a8ebc3e5.png,1507149771,1507045013,1507045013,0.877518,trusted_fix,1507045013,widget_ocr_matches_bootstrap_prediction
batch_001_ru_uid_panel_3756ac7294c7_record,batch_001_ru,D:\IKA_DATA\ocr\raw\manual_screens\batch_001_ru\uid_panel\batch_001_ru_uid_panel_3756ac7294c7.png,1507090216,1506230951,1506230951,0.877518,trusted_fix,1506230951,widget_ocr_matches_bootstrap_prediction
batch_001_ru_uid_panel_376f41ff902b_record,batch_001_ru,D:\IKA_DATA\ocr\raw\manual_screens\batch_001_ru\uid_panel\batch_001_ru_uid_panel_376f41ff902b.png,1505804691,1501709041,1501709041,0.978269,trusted_fix,1501709041,widget_ocr_matches_bootstrap_prediction
batch_001_ru_uid_panel_3d47b5952c32_record,batch_001_ru,D:\IKA_DATA\ocr\raw\manual_screens\batch_001_ru\uid_panel\batch_001_ru_uid_panel_3d47b5952c32.png,1507090216,1507104503,1507104503,0.877518,trusted_fix,1507104503,widget_ocr_matches_bootstrap_prediction
batch_001_ru_uid_panel_44e1bbf76205_record,batch_001_ru,D:\IKA_DATA\ocr\raw\manual_screens\batch_001_ru\uid_panel\batch_001_ru_uid_panel_44e1bbf76205.png,1501400540,1500590499,1500590499,0.789325,trusted_fix,1500590499,widget_ocr_matches_bootstrap_prediction
batch_001_ru_uid_panel_4c3d9ddb2db9_record,batch_001_ru,D:\IKA_DATA\ocr\raw\manual_screens\batch_001_ru\uid_panel\batch_001_ru_uid_panel_4c3d9ddb2db9.png,1504717283,1501385610,1501385610,0.853173,trusted_fix,1501385610,widget_ocr_matches_bootstrap_prediction
batch_001_ru_uid_panel_4cbe70ee744a_record,batch_001_ru,D:\IKA_DATA\ocr\raw\manual_screens\batch_001_ru\uid_panel\batch_001_ru_uid_panel_4cbe70ee744a.png,1502030953,1500634537,1500634537,0.288015,trusted_fix,1500634537,widget_ocr_matches_bootstrap_prediction
batch_001_ru_uid_panel_4eba094a62b4_record,batch_001_ru,D:\IKA_DATA\ocr\raw\manual_screens\batch_001_ru\uid_panel\batch_001_ru_uid_panel_4eba094a62b4.png,1507149771,1507154424,1507154424,0.983327,trusted_fix,1507154424,widget_ocr_matches_bootstrap_prediction
batch_001_ru_uid_panel_5608d5b1e16b_record,batch_001_ru,D:\IKA_DATA\ocr\raw\manual_screens\batch_001_ru\uid_panel\batch_001_ru_uid_panel_5608d5b1e16b.png,1503354149,1504240916,1504240916,0.763085,trusted_fix,1504240916,widget_ocr_matches_bootstrap_prediction
batch_001_ru_uid_panel_659e81f00643_record,batch_001_ru,D:\IKA_DATA\ocr\raw\manual_screens\batch_001_ru\uid_panel\batch_001_ru_uid_panel_659e81f00643.png,1501400540,1504972490,1504972490,0.981912,trusted_fix,1504972490,widget_ocr_matches_bootstrap_prediction
batch_001_ru_uid_panel_662ea78d0c8d_record,batch_001_ru,D:\IKA_DATA\ocr\raw\manual_screens\batch_001_ru\uid_panel\batch_001_ru_uid_panel_662ea78d0c8d.png,1500198244,1504113149,1504113149,0.446858,trusted_fix,1504113149,widget_ocr_matches_bootstrap_prediction
batch_001_ru_uid_panel_724300070674_record,batch_001_ru,D:\IKA_DATA\ocr\raw\manual_screens\batch_001_ru\uid_panel\batch_001_ru_uid_panel_724300070674.png,1501261416,1505521796,1505521796,0.9684,trusted_fix,1505521796,widget_ocr_matches_bootstrap_prediction
batch_001_ru_uid_panel_744a72b9dead_record,batch_001_ru,D:\IKA_DATA\ocr\raw\manual_screens\batch_001_ru\uid_panel\batch_001_ru_uid_panel_744a72b9dead.png,1502030953,1501556669,1501556669,0.961208,trusted_fix,1501556669,widget_ocr_matches_bootstrap_prediction
batch_001_ru_uid_panel_768ef3bb8ca6_record,batch_001_ru,D:\IKA_DATA\ocr\raw\manual_screens\batch_001_ru\uid_panel\batch_001_ru_uid_panel_768ef3bb8ca6.png,1502030953,1505304926,1505304926,0.954774,trusted_fix,1505304926,widget_ocr_matches_bootstrap_prediction
batch_001_ru_uid_panel_824e92066d8c_record,batch_001_ru,D:\IKA_DATA\ocr\raw\manual_screens\batch_001_ru\uid_panel\batch_001_ru_uid_panel_824e92066d8c.png,1506799816,1501664290,1501664290,0.789325,trusted_fix,1501664290,widget_ocr_matches_bootstrap_prediction
batch_001_ru_uid_panel_83ed82f57585_record,batch_001_ru,D:\IKA_DATA\ocr\raw\manual_screens\batch_001_ru\uid_panel\batch_001_ru_uid_panel_83ed82f57585.png,1507149771,1507155134,1507155134,0.49564,trusted_fix,1507155134,widget_ocr_matches_bootstrap_prediction
batch_001_ru_uid_panel_855205a53e4d_record,batch_001_ru,D:\IKA_DATA\ocr\raw\manual_screens\batch_001_ru\uid_panel\batch_001_ru_uid_panel_855205a53e4d.png,1504907456,1503717364,1503717364,0.446858,trusted_fix,1503717364,widget_ocr_matches_bootstrap_prediction
batch_001_ru_uid_panel_8875fc8186ab_record,batch_001_ru,D:\IKA_DATA\ocr\raw\manual_screens\batch_001_ru\uid_panel\batch_001_ru_uid_panel_8875fc8186ab.png,1501261416,1505451470,1505451470,0.973783,trusted_fix,1505451470,widget_ocr_matches_bootstrap_prediction
batch_001_ru_uid_panel_897ec1e18e4c_record,batch_001_ru,D:\IKA_DATA\ocr\raw\manual_screens\batch_001_ru\uid_panel\batch_001_ru_uid_panel_897ec1e18e4c.png,1501400540,1502289796,1502289796,0.799104,trusted_fix,1502289796,widget_ocr_matches_bootstrap_prediction
batch_001_ru_uid_panel_94c3b3dc4905_record,batch_001_ru,D:\IKA_DATA\ocr\raw\manual_screens\batch_001_ru\uid_panel\batch_001_ru_uid_panel_94c3b3dc4905.png,1504717283,1500158768,1500158768,0.955774,trusted_fix,1500158768,widget_ocr_matches_bootstrap_prediction
batch_001_ru_uid_panel_9932c03e3e69_record,batch_001_ru,D:\IKA_DATA\ocr\raw\manual_screens\batch_001_ru\uid_panel\batch_001_ru_uid_panel_9932c03e3e69.png,1504693880,1505992332,1505992332,0.897415,trusted_fix,1505992332,widget_ocr_matches_bootstrap_prediction
batch_001_ru_uid_panel_9a05950d694a_record,batch_001_ru,D:\IKA_DATA\ocr\raw\manual_screens\batch_001_ru\uid_panel\batch_001_ru_uid_panel_9a05950d694a.png,1502030953,1502109445,1502109445,0.979609,trusted_fix,1502109445,widget_ocr_matches_bootstrap_prediction
batch_001_ru_uid_panel_9cac00b49918_record,batch_001_ru,D:\IKA_DATA\ocr\raw\manual_screens\batch_001_ru\uid_panel\batch_001_ru_uid_panel_9cac00b49918.png,1502030953,1506543689,1506543689,0.916305,trusted_fix,1506543689,widget_ocr_matches_bootstrap_prediction
batch_001_ru_uid_panel_a8353e29fc2d_record,batch_001_ru,D:\IKA_DATA\ocr\raw\manual_screens\batch_001_ru\uid_panel\batch_001_ru_uid_panel_a8353e29fc2d.png,1500474507,1503755764,1503755764,0.967921,trusted_fix,1503755764,widget_ocr_matches_bootstrap_prediction
batch_001_ru_uid_panel_b1965b82d1e7_record,batch_001_ru,D:\IKA_DATA\ocr\raw\manual_screens\batch_001_ru\uid_panel\batch_001_ru_uid_panel_b1965b82d1e7.png,1502030953,1503781892,1503781892,0.94221,trusted_fix,1503781892,widget_ocr_matches_bootstrap_prediction
batch_001_ru_uid_panel_b1e5f0063175_record,batch_001_ru,D:\IKA_DATA\ocr\raw\manual_screens\batch_001_ru\uid_panel\batch_001_ru_uid_panel_b1e5f0063175.png,1500198244,1505236391,1505236391,0.909185,trusted_fix,1505236391,widget_ocr_matches_bootstrap_prediction
batch_001_ru_uid_panel_b5dd825b3b39_record,batch_001_ru,D:\IKA_DATA\ocr\raw\manual_screens\batch_001_ru\uid_panel\batch_001_ru_uid_panel_b5dd825b3b39.png,1507090216,1500492206,1500492206,0.974166,trusted_fix,1500492206,widget_ocr_matches_bootstrap_prediction
batch_001_ru_uid_panel_c64802826ee4_record,batch_001_ru,D:\IKA_DATA\ocr\raw\manual_screens\batch_001_ru\uid_panel\batch_001_ru_uid_panel_c64802826ee4.png,1504717283,1501063897,1501063897,0.94221,trusted_fix,1501063897,widget_ocr_matches_bootstrap_prediction
batch_001_ru_uid_panel_cd9fcfe208f1_record,batch_001_ru,D:\IKA_DATA\ocr\raw\manual_screens\batch_001_ru\uid_panel\batch_001_ru_uid_panel_cd9fcfe208f1.png,1507090216,1504830769,1504830769,0.94221,trusted_fix,1504830769,widget_ocr_matches_bootstrap_prediction
batch_001_ru_uid_panel_cf931fb295a6_record,batch_001_ru,D:\IKA_DATA\ocr\raw\manual_screens\batch_001_ru\uid_panel\batch_001_ru_uid_panel_cf931fb295a6.png,1502030953,1505467216,1505467216,0.960803,trusted_fix,1505467216,widget_ocr_matches_bootstrap_prediction
batch_001_ru_uid_panel_d1df1bf2f5e6_record,batch_001_ru,D:\IKA_DATA\ocr\raw\manual_screens\batch_001_ru\uid_panel\batch_001_ru_uid_panel_d1df1bf2f5e6.png,1500198244,1501819222,1501819222,0.587085,trusted_fix,1501819222,widget_ocr_matches_bootstrap_prediction
batch_001_ru_uid_panel_d5476ddd12b1_record,batch_001_ru,D:\IKA_DATA\ocr\raw\manual_screens\batch_001_ru\uid_panel\batch_001_ru_uid_panel_d5476ddd12b1.png,1502030953,1503610136,1503610136,0.954774,trusted_fix,1503610136,widget_ocr_matches_bootstrap_prediction
batch_001_ru_uid_panel_d76fd290be34_record,batch_001_ru,D:\IKA_DATA\ocr\raw\manual_screens\batch_001_ru\uid_panel\batch_001_ru_uid_panel_d76fd290be34.png,1506799816,1504927327,1504927327,0.9684,trusted_fix,1504927327,widget_ocr_matches_bootstrap_prediction
batch_001_ru_uid_panel_d7d18055215e_record,batch_001_ru,D:\IKA_DATA\ocr\raw\manual_screens\batch_001_ru\uid_panel\batch_001_ru_uid_panel_d7d18055215e.png,1501400540,1501046823,1501046823,0.593231,trusted_fix,1501046823,widget_ocr_matches_bootstrap_prediction
batch_001_ru_uid_panel_db23b7b554aa_record,batch_001_ru,D:\IKA_DATA\ocr\raw\manual_screens\batch_001_ru\uid_panel\batch_001_ru_uid_panel_db23b7b554aa.png,1504907456,1504272103,1504272103,0.772428,trusted_fix,1504272103,widget_ocr_matches_bootstrap_prediction
batch_001_ru_uid_panel_dbafcdb89849_record,batch_001_ru,D:\IKA_DATA\ocr\raw\manual_screens\batch_001_ru\uid_panel\batch_001_ru_uid_panel_dbafcdb89849.png,1501400540,1505908447,1505908447,0.916305,trusted_fix,1505908447,widget_ocr_matches_bootstrap_prediction
batch_001_ru_uid_panel_e3e3b335f044_record,batch_001_ru,D:\IKA_DATA\ocr\raw\manual_screens\batch_001_ru\uid_panel\batch_001_ru_uid_panel_e3e3b335f044.png,1507149771,1507114890,1507114890,0.960663,trusted_fix,1507114890,widget_ocr_matches_bootstrap_prediction
batch_001_ru_uid_panel_e5f4bd329e0e_record,batch_001_ru,D:\IKA_DATA\ocr\raw\manual_screens\batch_001_ru\uid_panel\batch_001_ru_uid_panel_e5f4bd329e0e.png,1500474507,1504454788,1504454788,0.327246,trusted_fix,1504454788,widget_ocr_matches_bootstrap_prediction
batch_001_ru_uid_panel_eaa889c7dc6a_record,batch_001_ru,D:\IKA_DATA\ocr\raw\manual_screens\batch_001_ru\uid_panel\batch_001_ru_uid_panel_eaa889c7dc6a.png,1501400540,1505062308,1505062308,0.50868,trusted_fix,1505062308,widget_ocr_matches_bootstrap_prediction
batch_001_ru_uid_panel_eaf3662d96ee_record,batch_001_ru,D:\IKA_DATA\ocr\raw\manual_screens\batch_001_ru\uid_panel\batch_001_ru_uid_panel_eaf3662d96ee.png,1500474507,1501267715,1501267715,0.890154,trusted_fix,1501267715,widget_ocr_matches_bootstrap_prediction
batch_001_ru_uid_panel_f2d9ad2f107f_record,batch_001_ru,D:\IKA_DATA\ocr\raw\manual_screens\batch_001_ru\uid_panel\batch_001_ru_uid_panel_f2d9ad2f107f.png,1505804691,1500615331,1500615331,0.535478,trusted_fix,1500615331,widget_ocr_matches_bootstrap_prediction
batch_001_ru_uid_panel_f62f89b6853a_record,batch_001_ru,D:\IKA_DATA\ocr\raw\manual_screens\batch_001_ru\uid_panel\batch_001_ru_uid_panel_f62f89b6853a.png,1502030953,1503954184,1503954184,0.499209,trusted_fix,1503954184,widget_ocr_matches_bootstrap_prediction
batch_001_ru_uid_panel_fa508dbf6d7d_record,batch_001_ru,D:\IKA_DATA\ocr\raw\manual_screens\batch_001_ru\uid_panel\batch_001_ru_uid_panel_fa508dbf6d7d.png,1507149771,1507103219,1507103219,0.446858,trusted_fix,1507103219,widget_ocr_matches_bootstrap_prediction
batch_001_ru_uid_panel_fdebcdc0356a_record,batch_001_ru,D:\IKA_DATA\ocr\raw\manual_screens\batch_001_ru\uid_panel\batch_001_ru_uid_panel_fdebcdc0356a.png,1507149771,1500136511,1500136511,0.495343,trusted_fix,1500136511,widget_ocr_matches_bootstrap_prediction
batch_001_ru_uid_panel_ff96b3d963f7_record,batch_001_ru,D:\IKA_DATA\ocr\raw\manual_screens\batch_001_ru\uid_panel\batch_001_ru_uid_panel_ff96b3d963f7.png,1507090216,1502846683,1502846683,0.877518,trusted_fix,1502846683,widget_ocr_matches_bootstrap_prediction
batch_en_001_uid_panel_17b71d3adfbc_record,batch_en_001,D:\IKA_DATA\ocr\raw\manual_screens\batch_en_001\uid_panel\batch_en_001_uid_panel_17b71d3adfbc.png,1501400540,1505439289,1505439289,0.352556,trusted_fix,1505439289,widget_ocr_matches_bootstrap_prediction
batch_en_001_uid_panel_230a4d9dd0d2_record,batch_en_001,D:\IKA_DATA\ocr\raw\manual_screens\batch_en_001\uid_panel\batch_en_001_uid_panel_230a4d9dd0d2.png,1500474507,1501024999,1501024999,0.498876,trusted_fix,1501024999,widget_ocr_matches_bootstrap_prediction
batch_en_001_uid_panel_2a40366df719_record,batch_en_001,D:\IKA_DATA\ocr\raw\manual_screens\batch_en_001\uid_panel\batch_en_001_uid_panel_2a40366df719.png,1501261416,1503779737,1503779737,0.342707,trusted_fix,1503779737,widget_ocr_matches_bootstrap_prediction
batch_en_001_uid_panel_41bd2e770403_record,batch_en_001,D:\IKA_DATA\ocr\raw\manual_screens\batch_en_001\uid_panel\batch_en_001_uid_panel_41bd2e770403.png,1507149771,1507154440,1507154440,0.399929,trusted_fix,1507154440,widget_ocr_matches_bootstrap_prediction
batch_en_001_uid_panel_8a9cb00fd84b_record,batch_en_001,D:\IKA_DATA\ocr\raw\manual_screens\batch_en_001\uid_panel\batch_en_001_uid_panel_8a9cb00fd84b.png,1504717283,1505895147,1505895147,0.355462,trusted_fix,1505895147,widget_ocr_matches_bootstrap_prediction
batch_en_001_uid_panel_956f13fe769b_record,batch_en_001,D:\IKA_DATA\ocr\raw\manual_screens\batch_en_001\uid_panel\batch_en_001_uid_panel_956f13fe769b.png,1507149771,1507154397,1507154397,0.372805,trusted_fix,1507154397,widget_ocr_matches_bootstrap_prediction
batch_en_001_uid_panel_9c40f06e44e7_record,batch_en_001,D:\IKA_DATA\ocr\raw\manual_screens\batch_en_001\uid_panel\batch_en_001_uid_panel_9c40f06e44e7.png,1507149771,1505739237,1505739237,0.342707,trusted_fix,1505739237,widget_ocr_matches_bootstrap_prediction
batch_en_001_uid_panel_a6842144b6ad_record,batch_en_001,D:\IKA_DATA\ocr\raw\manual_screens\batch_en_001\uid_panel\batch_en_001_uid_panel_a6842144b6ad.png,1507149771,1507153931,1507153931,0.188524,trusted_fix,1507153931,widget_ocr_matches_bootstrap_prediction
batch_en_001_uid_panel_a8eb9bc84acd_record,batch_en_001,D:\IKA_DATA\ocr\raw\manual_screens\batch_en_001\uid_panel\batch_en_001_uid_panel_a8eb9bc84acd.png,1507149771,1507157399,1507157399,0.385754,trusted_fix,1507157399,widget_ocr_matches_bootstrap_prediction
batch_en_001_uid_panel_ac690de06885_record,batch_en_001,D:\IKA_DATA\ocr\raw\manual_screens\batch_en_001\uid_panel\batch_en_001_uid_panel_ac690de06885.png,1500198244,1501713775,1501713775,0.1929,trusted_fix,1501713775,widget_ocr_matches_bootstrap_prediction
batch_en_001_uid_panel_b7f73e33cc33_record,batch_en_001,D:\IKA_DATA\ocr\raw\manual_screens\batch_en_001\uid_panel\batch_en_001_uid_panel_b7f73e33cc33.png,1507149771,1507154835,1507154835,0.462318,trusted_fix,1507154835,widget_ocr_matches_bootstrap_prediction
batch_en_001_uid_panel_de96d66878c9_record,batch_en_001,D:\IKA_DATA\ocr\raw\manual_screens\batch_en_001\uid_panel\batch_en_001_uid_panel_de96d66878c9.png,1502030953,1503981375,1503981375,0.404577,trusted_fix,1503981375,widget_ocr_matches_bootstrap_prediction
batch_en_001_uid_panel_e633b6f07fa4_record,batch_en_001,D:\IKA_DATA\ocr\raw\manual_screens\batch_en_001\uid_panel\batch_en_001_uid_panel_e633b6f07fa4.png,1507149771,1507152507,1507152507,0.896629,trusted_fix,1507152507,widget_ocr_matches_bootstrap_prediction
batch_en_001_uid_panel_e8221ecb4de8_record,batch_en_001,D:\IKA_DATA\ocr\raw\manual_screens\batch_en_001\uid_panel\batch_en_001_uid_panel_e8221ecb4de8.png,1504693880,1507118424,1507118424,0.336119,trusted_fix,1507118424,widget_ocr_matches_bootstrap_prediction
batch_001_ru_uid_panel_1a6fc056da8b_record,batch_001_ru,D:\IKA_DATA\ocr\raw\manual_screens\batch_001_ru\uid_panel\batch_001_ru_uid_panel_1a6fc056da8b.png,1501400540,1501400540,1501400540,0.995592,trusted_keep,1501400540,current_uid_matches_safe_resolution
batch_001_ru_uid_panel_3fb468e6e3d1_record,batch_001_ru,D:\IKA_DATA\ocr\raw\manual_screens\batch_001_ru\uid_panel\batch_001_ru_uid_panel_3fb468e6e3d1.png,1507090216,1507090216,1507090216,0.995281,trusted_keep,1507090216,current_uid_matches_safe_resolution
batch_001_ru_uid_panel_428bab6b5c08_record,batch_001_ru,D:\IKA_DATA\ocr\raw\manual_screens\batch_001_ru\uid_panel\batch_001_ru_uid_panel_428bab6b5c08.png,1501261416,1501261416,1501261416,0.97534,trusted_keep,1501261416,current_uid_matches_safe_resolution
batch_001_ru_uid_panel_453f506758ac_record,batch_001_ru,D:\IKA_DATA\ocr\raw\manual_screens\batch_001_ru\uid_panel\batch_001_ru_uid_panel_453f506758ac.png,1507149771,1507149771,1507149771,0.960802,trusted_keep,1507149771,current_uid_matches_safe_resolution
batch_001_ru_uid_panel_8516654ef5ea_record,batch_001_ru,D:\IKA_DATA\ocr\raw\manual_screens\batch_001_ru\uid_panel\batch_001_ru_uid_panel_8516654ef5ea.png,1502030953,1502030953,1502030953,0.996239,trusted_keep,1502030953,current_uid_matches_safe_resolution
batch_001_ru_uid_panel_8fc4beadfe23_record,batch_001_ru,D:\IKA_DATA\ocr\raw\manual_screens\batch_001_ru\uid_panel\batch_001_ru_uid_panel_8fc4beadfe23.png,1507019484,1507019484,1507019484,0.990967,trusted_keep,1507019484,current_uid_matches_safe_resolution
batch_001_ru_uid_panel_a1d626e2528b_record,batch_001_ru,D:\IKA_DATA\ocr\raw\manual_screens\batch_001_ru\uid_panel\batch_001_ru_uid_panel_a1d626e2528b.png,1500474507,1500474507,1500474507,0.997386,trusted_keep,1500474507,current_uid_matches_safe_resolution
batch_001_ru_uid_panel_a7a22ba1929a_record,batch_001_ru,D:\IKA_DATA\ocr\raw\manual_screens\batch_001_ru\uid_panel\batch_001_ru_uid_panel_a7a22ba1929a.png,1503354149,1503354149,1503354149,0.993479,trusted_keep,1503354149,current_uid_matches_safe_resolution
batch_001_ru_uid_panel_a8c41ac2e2e0_record,batch_001_ru,D:\IKA_DATA\ocr\raw\manual_screens\batch_001_ru\uid_panel\batch_001_ru_uid_panel_a8c41ac2e2e0.png,1504717283,1504717283,1504717283,0.991187,trusted_keep,1504717283,current_uid_matches_safe_resolution
batch_001_ru_uid_panel_bd5056e599fc_record,batch_001_ru,D:\IKA_DATA\ocr\raw\manual_screens\batch_001_ru\uid_panel\batch_001_ru_uid_panel_bd5056e599fc.png,1500198244,1500198244,1500198244,0.993009,trusted_keep,1500198244,current_uid_matches_safe_resolution
batch_001_ru_uid_panel_c13e97f46b8e_record,batch_001_ru,D:\IKA_DATA\ocr\raw\manual_screens\batch_001_ru\uid_panel\batch_001_ru_uid_panel_c13e97f46b8e.png,1505212923,1505212923,1505212923,0.996239,trusted_keep,1505212923,current_uid_matches_safe_resolution
batch_001_ru_uid_panel_c2752c149ac6_record,batch_001_ru,D:\IKA_DATA\ocr\raw\manual_screens\batch_001_ru\uid_panel\batch_001_ru_uid_panel_c2752c149ac6.png,1504693880,1504693880,1504693880,0.986591,trusted_keep,1504693880,current_uid_matches_safe_resolution
batch_001_ru_uid_panel_da32d5017b3e_record,batch_001_ru,D:\IKA_DATA\ocr\raw\manual_screens\batch_001_ru\uid_panel\batch_001_ru_uid_panel_da32d5017b3e.png,1506799816,1506799816,1506799816,0.986591,trusted_keep,1506799816,current_uid_matches_safe_resolution
batch_001_ru_uid_panel_e63c511e5328_record,batch_001_ru,D:\IKA_DATA\ocr\raw\manual_screens\batch_001_ru\uid_panel\batch_001_ru_uid_panel_e63c511e5328.png,1504907456,1504907456,1504907456,0.995281,trusted_keep,1504907456,current_uid_matches_safe_resolution
batch_001_ru_uid_panel_f4c435036460_record,batch_001_ru,D:\IKA_DATA\ocr\raw\manual_screens\batch_001_ru\uid_panel\batch_001_ru_uid_panel_f4c435036460.png,1505804691,1505804691,1505804691,0.993009,trusted_keep,1505804691,current_uid_matches_safe_resolution
batch_en_001_uid_panel_2076be74d5e1_record,batch_en_001,D:\IKA_DATA\ocr\raw\manual_screens\batch_en_001\uid_panel\batch_en_001_uid_panel_2076be74d5e1.png,1507121495,1507121495,1507121495,0.962567,trusted_keep,1507121495,current_uid_matches_safe_resolution
onedrive_account_20260308_uid_panel_f6fd2bc0d748_record,onedrive_account_20260308,D:\IKA_DATA\ocr\raw\manual_screens\onedrive_account_20260308\uid_panel\onedrive_account_20260308_uid_panel_f6fd2bc0d748.png,1503067100,1503067100,1503067100,0.99542,trusted_keep,1503067100,current_uid_matches_safe_resolution
batch_001_ru_uid_panel_016f12fa33ef_record,batch_001_ru,D:\IKA_DATA\ocr\raw\manual_screens\batch_001_ru\uid_panel\batch_001_ru_uid_panel_016f12fa33ef.png,1500563180,,1503737043,0.91615,unresolved,,missing_widget_ocr
batch_001_ru_uid_panel_039fe8145085_record,batch_001_ru,D:\IKA_DATA\ocr\raw\manual_screens\batch_001_ru\uid_panel\batch_001_ru_uid_panel_039fe8145085.png,1503554929,,1505354929,0.937347,unresolved,,missing_widget_ocr
batch_001_ru_uid_panel_03a97a8415d8_record,batch_001_ru,D:\IKA_DATA\ocr\raw\manual_screens\batch_001_ru\uid_panel\batch_001_ru_uid_panel_03a97a8415d8.png,1504749477,,1504749477,0.939173,unresolved,,missing_widget_ocr
batch_001_ru_uid_panel_04c6f38dfa33_record,batch_001_ru,D:\IKA_DATA\ocr\raw\manual_screens\batch_001_ru\uid_panel\batch_001_ru_uid_panel_04c6f38dfa33.png,1503247269,,1500813234,0.772334,unresolved,,missing_widget_ocr
batch_001_ru_uid_panel_060d3f1a8dbc_record,batch_001_ru,D:\IKA_DATA\ocr\raw\manual_screens\batch_001_ru\uid_panel\batch_001_ru_uid_panel_060d3f1a8dbc.png,1500537731,,1500009605,0.937032,unresolved,,missing_widget_ocr
batch_001_ru_uid_panel_0cccb5976b26_record,batch_001_ru,D:\IKA_DATA\ocr\raw\manual_screens\batch_001_ru\uid_panel\batch_001_ru_uid_panel_0cccb5976b26.png,1505907696,,1500611158,0.712051,unresolved,,missing_widget_ocr
batch_001_ru_uid_panel_1119f21f62ee_record,batch_001_ru,D:\IKA_DATA\ocr\raw\manual_screens\batch_001_ru\uid_panel\batch_001_ru_uid_panel_1119f21f62ee.png,1500491571,,1500812389,0.661286,unresolved,,missing_widget_ocr
batch_001_ru_uid_panel_14357b774ba1_record,batch_001_ru,D:\IKA_DATA\ocr\raw\manual_screens\batch_001_ru\uid_panel\batch_001_ru_uid_panel_14357b774ba1.png,1500868976,,1500914616,0.934092,unresolved,,missing_widget_ocr
batch_001_ru_uid_panel_15c19e98d72a_record,batch_001_ru,D:\IKA_DATA\ocr\raw\manual_screens\batch_001_ru\uid_panel\batch_001_ru_uid_panel_15c19e98d72a.png,1506601930,,1506601930,0.92344,unresolved,,missing_widget_ocr
batch_001_ru_uid_panel_19cc30520a94_record,batch_001_ru,D:\IKA_DATA\ocr\raw\manual_screens\batch_001_ru\uid_panel\batch_001_ru_uid_panel_19cc30520a94.png,1506601930,,1507151122,0.918689,unresolved,,missing_widget_ocr
batch_001_ru_uid_panel_2356eb96013d_record,batch_001_ru,D:\IKA_DATA\ocr\raw\manual_screens\batch_001_ru\uid_panel\batch_001_ru_uid_panel_2356eb96013d.png,1506601930,,1507148591,0.654586,unresolved,,missing_widget_ocr
batch_001_ru_uid_panel_239a6d6d1d38_record,batch_001_ru,D:\IKA_DATA\ocr\raw\manual_screens\batch_001_ru\uid_panel\batch_001_ru_uid_panel_239a6d6d1d38.png,1503554929,,1506655982,0.694681,unresolved,,missing_widget_ocr
batch_001_ru_uid_panel_2560e9084135_record,batch_001_ru,D:\IKA_DATA\ocr\raw\manual_screens\batch_001_ru\uid_panel\batch_001_ru_uid_panel_2560e9084135.png,1500491571,,1506891116,0.737334,unresolved,,missing_widget_ocr
batch_001_ru_uid_panel_2837e1e4daab_record,batch_001_ru,D:\IKA_DATA\ocr\raw\manual_screens\batch_001_ru\uid_panel\batch_001_ru_uid_panel_2837e1e4daab.png,1503554929,,1502956053,0.928327,unresolved,,missing_widget_ocr
batch_001_ru_uid_panel_2bf70ed1c507_record,batch_001_ru,D:\IKA_DATA\ocr\raw\manual_screens\batch_001_ru\uid_panel\batch_001_ru_uid_panel_2bf70ed1c507.png,1504749477,,1502991296,0.918689,unresolved,,missing_widget_ocr
batch_001_ru_uid_panel_2c4dbbf2c0bb_record,batch_001_ru,D:\IKA_DATA\ocr\raw\manual_screens\batch_001_ru\uid_panel\batch_001_ru_uid_panel_2c4dbbf2c0bb.png,1506601930,,1507155083,0.679558,unresolved,,missing_widget_ocr
batch_001_ru_uid_panel_32f84afcc9d5_record,batch_001_ru,D:\IKA_DATA\ocr\raw\manual_screens\batch_001_ru\uid_panel\batch_001_ru_uid_panel_32f84afcc9d5.png,1502593876,,1506009424,0.937164,unresolved,,missing_widget_ocr
batch_001_ru_uid_panel_39e43e41ef5b_record,batch_001_ru,D:\IKA_DATA\ocr\raw\manual_screens\batch_001_ru\uid_panel\batch_001_ru_uid_panel_39e43e41ef5b.png,1500537731,,1501069737,0.938805,unresolved,,missing_widget_ocr
batch_001_ru_uid_panel_3fb6aad88961_record,batch_001_ru,D:\IKA_DATA\ocr\raw\manual_screens\batch_001_ru\uid_panel\batch_001_ru_uid_panel_3fb6aad88961.png,1506601930,,1507138800,0.682001,unresolved,,missing_widget_ocr
batch_001_ru_uid_panel_4421a38cf185_record,batch_001_ru,D:\IKA_DATA\ocr\raw\manual_screens\batch_001_ru\uid_panel\batch_001_ru_uid_panel_4421a38cf185.png,1500491571,,1503009575,0.901857,unresolved,,missing_widget_ocr
batch_001_ru_uid_panel_46dbfb20ae59_record,batch_001_ru,D:\IKA_DATA\ocr\raw\manual_screens\batch_001_ru\uid_panel\batch_001_ru_uid_panel_46dbfb20ae59.png,1506601930,,1507055691,0.93467,unresolved,,missing_widget_ocr
batch_001_ru_uid_panel_47fc8facc3f7_record,batch_001_ru,D:\IKA_DATA\ocr\raw\manual_screens\batch_001_ru\uid_panel\batch_001_ru_uid_panel_47fc8facc3f7.png,1502593876,,1505759303,0.934101,unresolved,,missing_widget_ocr
batch_001_ru_uid_panel_49fdcd926866_record,batch_001_ru,D:\IKA_DATA\ocr\raw\manual_screens\batch_001_ru\uid_panel\batch_001_ru_uid_panel_49fdcd926866.png,1500563180,,1500922397,0.918689,unresolved,,missing_widget_ocr
batch_001_ru_uid_panel_4f51d306bfe1_record,batch_001_ru,D:\IKA_DATA\ocr\raw\manual_screens\batch_001_ru\uid_panel\batch_001_ru_uid_panel_4f51d306bfe1.png,1506601930,,1503244857,0.695564,unresolved,,missing_widget_ocr
batch_001_ru_uid_panel_4f65fdbc3fb1_record,batch_001_ru,D:\IKA_DATA\ocr\raw\manual_screens\batch_001_ru\uid_panel\batch_001_ru_uid_panel_4f65fdbc3fb1.png,1500868976,,1500868976,0.639156,unresolved,,missing_widget_ocr
batch_001_ru_uid_panel_506e7869f43f_record,batch_001_ru,D:\IKA_DATA\ocr\raw\manual_screens\batch_001_ru\uid_panel\batch_001_ru_uid_panel_506e7869f43f.png,1500868976,,1502392990,0.921249,unresolved,,missing_widget_ocr
batch_001_ru_uid_panel_51c104ffb564_record,batch_001_ru,D:\IKA_DATA\ocr\raw\manual_screens\batch_001_ru\uid_panel\batch_001_ru_uid_panel_51c104ffb564.png,1501497145,,1500142306,0.945394,unresolved,,missing_widget_ocr
batch_001_ru_uid_panel_5388e7deb65a_record,batch_001_ru,D:\IKA_DATA\ocr\raw\manual_screens\batch_001_ru\uid_panel\batch_001_ru_uid_panel_5388e7deb65a.png,1500563180,,1500124660,0.883097,unresolved,,missing_widget_ocr
batch_001_ru_uid_panel_53cda4b7bf77_record,batch_001_ru,D:\IKA_DATA\ocr\raw\manual_screens\batch_001_ru\uid_panel\batch_001_ru_uid_panel_53cda4b7bf77.png,1500930706,,1500751982,0.660862,unresolved,,missing_widget_ocr
batch_001_ru_uid_panel_57c0cb5d6f70_record,batch_001_ru,D:\IKA_DATA\ocr\raw\manual_screens\batch_001_ru\uid_panel\batch_001_ru_uid_panel_57c0cb5d6f70.png,1500930706,,1500930706,0.922045,unresolved,,missing_widget_ocr
batch_001_ru_uid_panel_5a8d5eebb4d7_record,batch_001_ru,D:\IKA_DATA\ocr\raw\manual_screens\batch_001_ru\uid_panel\batch_001_ru_uid_panel_5a8d5eebb4d7.png,1506601930,,1507130281,0.702015,unresolved,,missing_widget_ocr
batch_001_ru_uid_panel_5a98abd7bd6d_record,batch_001_ru,D:\IKA_DATA\ocr\raw\manual_screens\batch_001_ru\uid_panel\batch_001_ru_uid_panel_5a98abd7bd6d.png,1501497145,,1502738869,0.631842,unresolved,,missing_widget_ocr
batch_001_ru_uid_panel_60dca3aa15bb_record,batch_001_ru,D:\IKA_DATA\ocr\raw\manual_screens\batch_001_ru\uid_panel\batch_001_ru_uid_panel_60dca3aa15bb.png,1506799816,1502161812,1502161821,0.794041,unresolved,,ocr_model_disagree
batch_001_ru_uid_panel_61f52ba9220c_record,batch_001_ru,D:\IKA_DATA\ocr\raw\manual_screens\batch_001_ru\uid_panel\batch_001_ru_uid_panel_61f52ba9220c.png,1505907696,,1505907696,0.870073,unresolved,,missing_widget_ocr
batch_001_ru_uid_panel_6965616684d4_record,batch_001_ru,D:\IKA_DATA\ocr\raw\manual_screens\batch_001_ru\uid_panel\batch_001_ru_uid_panel_6965616684d4.png,1506601930,,1501852840,0.802319,unresolved,,missing_widget_ocr
batch_001_ru_uid_panel_6a52422c0ba1_record,batch_001_ru,D:\IKA_DATA\ocr\raw\manual_screens\batch_001_ru\uid_panel\batch_001_ru_uid_panel_6a52422c0ba1.png,1502593876,,1502593876,0.708143,unresolved,,missing_widget_ocr
batch_001_ru_uid_panel_732916495227_record,batch_001_ru,D:\IKA_DATA\ocr\raw\manual_screens\batch_001_ru\uid_panel\batch_001_ru_uid_panel_732916495227.png,1506535264,,1506535264,0.941288,unresolved,,missing_widget_ocr
batch_001_ru_uid_panel_74377566bc09_record,batch_001_ru,D:\IKA_DATA\ocr\raw\manual_screens\batch_001_ru\uid_panel\batch_001_ru_uid_panel_74377566bc09.png,1501497145,,1506661917,0.936702,unresolved,,missing_widget_ocr
batch_001_ru_uid_panel_7502de90b51a_record,batch_001_ru,D:\IKA_DATA\ocr\raw\manual_screens\batch_001_ru\uid_panel\batch_001_ru_uid_panel_7502de90b51a.png,1502593876,,1500102516,0.942657,unresolved,,missing_widget_ocr
batch_001_ru_uid_panel_758b78caaff7_record,batch_001_ru,D:\IKA_DATA\ocr\raw\manual_screens\batch_001_ru\uid_panel\batch_001_ru_uid_panel_758b78caaff7.png,1504749477,,1506723409,0.772334,unresolved,,missing_widget_ocr
batch_001_ru_uid_panel_75ff9d9ae741_record,batch_001_ru,D:\IKA_DATA\ocr\raw\manual_screens\batch_001_ru\uid_panel\batch_001_ru_uid_panel_75ff9d9ae741.png,1500853872,,1500853872,0.864835,unresolved,,missing_widget_ocr
batch_001_ru_uid_panel_7711be5756ff_record,batch_001_ru,D:\IKA_DATA\ocr\raw\manual_screens\batch_001_ru\uid_panel\batch_001_ru_uid_panel_7711be5756ff.png,1506601930,,1506895473,0.737334,unresolved,,missing_widget_ocr
batch_001_ru_uid_panel_77d12d02d28c_record,batch_001_ru,D:\IKA_DATA\ocr\raw\manual_screens\batch_001_ru\uid_panel\batch_001_ru_uid_panel_77d12d02d28c.png,1500491571,,1500604019,0.921776,unresolved,,missing_widget_ocr
batch_001_ru_uid_panel_78501a6d000d_record,batch_001_ru,D:\IKA_DATA\ocr\raw\manual_screens\batch_001_ru\uid_panel\batch_001_ru_uid_panel_78501a6d000d.png,1505907696,,1501970686,0.568658,unresolved,,missing_widget_ocr
batch_001_ru_uid_panel_7e9a7eb6379c_record,batch_001_ru,D:\IKA_DATA\ocr\raw\manual_screens\batch_001_ru\uid_panel\batch_001_ru_uid_panel_7e9a7eb6379c.png,1500868976,,1500122001,0.918689,unresolved,,missing_widget_ocr
batch_001_ru_uid_panel_800cf9287f44_record,batch_001_ru,D:\IKA_DATA\ocr\raw\manual_screens\batch_001_ru\uid_panel\batch_001_ru_uid_panel_800cf9287f44.png,1500853872,,1503930946,0.91933,unresolved,,missing_widget_ocr
batch_001_ru_uid_panel_81a4a48106e6_record,batch_001_ru,D:\IKA_DATA\ocr\raw\manual_screens\batch_001_ru\uid_panel\batch_001_ru_uid_panel_81a4a48106e6.png,1506601930,,1506801499,0.694864,unresolved,,missing_widget_ocr
batch_001_ru_uid_panel_83ab4a909a9a_record,batch_001_ru,D:\IKA_DATA\ocr\raw\manual_screens\batch_001_ru\uid_panel\batch_001_ru_uid_panel_83ab4a909a9a.png,1500491571,,1501773284,0.843617,unresolved,,missing_widget_ocr
batch_001_ru_uid_panel_843d855f8d01_record,batch_001_ru,D:\IKA_DATA\ocr\raw\manual_screens\batch_001_ru\uid_panel\batch_001_ru_uid_panel_843d855f8d01.png,1506601930,,1507131798,0.694864,unresolved,,missing_widget_ocr
batch_001_ru_uid_panel_85238b1fe643_record,batch_001_ru,D:\IKA_DATA\ocr\raw\manual_screens\batch_001_ru\uid_panel\batch_001_ru_uid_panel_85238b1fe643.png,1500491571,,1503890431,0.71583,unresolved,,missing_widget_ocr
batch_001_ru_uid_panel_8769f34ea44d_record,batch_001_ru,D:\IKA_DATA\ocr\raw\manual_screens\batch_001_ru\uid_panel\batch_001_ru_uid_panel_8769f34ea44d.png,1503247269,,1502324880,0.694864,unresolved,,missing_widget_ocr
batch_001_ru_uid_panel_8805449bfc26_record,batch_001_ru,D:\IKA_DATA\ocr\raw\manual_screens\batch_001_ru\uid_panel\batch_001_ru_uid_panel_8805449bfc26.png,1500491571,,1501156915,0.814159,unresolved,,missing_widget_ocr
batch_001_ru_uid_panel_88fc9ceab736_record,batch_001_ru,D:\IKA_DATA\ocr\raw\manual_screens\batch_001_ru\uid_panel\batch_001_ru_uid_panel_88fc9ceab736.png,1501497145,,1506386487,0.864967,unresolved,,missing_widget_ocr
batch_001_ru_uid_panel_8ea56c56f9d3_record,batch_001_ru,D:\IKA_DATA\ocr\raw\manual_screens\batch_001_ru\uid_panel\batch_001_ru_uid_panel_8ea56c56f9d3.png,1500868976,,1504146819,0.709602,unresolved,,missing_widget_ocr
batch_001_ru_uid_panel_977e1afc5081_record,batch_001_ru,D:\IKA_DATA\ocr\raw\manual_screens\batch_001_ru\uid_panel\batch_001_ru_uid_panel_977e1afc5081.png,1506601930,,1507153282,0.843617,unresolved,,missing_widget_ocr
batch_001_ru_uid_panel_983da520534a_record,batch_001_ru,D:\IKA_DATA\ocr\raw\manual_screens\batch_001_ru\uid_panel\batch_001_ru_uid_panel_983da520534a.png,1500491571,,1504008542,0.843617,unresolved,,missing_widget_ocr
batch_001_ru_uid_panel_9baea02f520b_record,batch_001_ru,D:\IKA_DATA\ocr\raw\manual_screens\batch_001_ru\uid_panel\batch_001_ru_uid_panel_9baea02f520b.png,1506601930,,1507119813,0.843617,unresolved,,missing_widget_ocr
batch_001_ru_uid_panel_9fef70c98344_record,batch_001_ru,D:\IKA_DATA\ocr\raw\manual_screens\batch_001_ru\uid_panel\batch_001_ru_uid_panel_9fef70c98344.png,1500868976,,1504273440,0.823746,unresolved,,missing_widget_ocr
batch_001_ru_uid_panel_a0c895d5d7da_record,batch_001_ru,D:\IKA_DATA\ocr\raw\manual_screens\batch_001_ru\uid_panel\batch_001_ru_uid_panel_a0c895d5d7da.png,1500537731,,1500537731,0.939299,unresolved,,missing_widget_ocr
batch_001_ru_uid_panel_a869daf01d64_record,batch_001_ru,D:\IKA_DATA\ocr\raw\manual_screens\batch_001_ru\uid_panel\batch_001_ru_uid_panel_a869daf01d64.png,1506535264,,1501199887,0.7136,unresolved,,missing_widget_ocr
batch_001_ru_uid_panel_abe0eefc67e0_record,batch_001_ru,D:\IKA_DATA\ocr\raw\manual_screens\batch_001_ru\uid_panel\batch_001_ru_uid_panel_abe0eefc67e0.png,1500853872,,1503930946,0.91933,unresolved,,missing_widget_ocr
batch_001_ru_uid_panel_adab3734c3f3_record,batch_001_ru,D:\IKA_DATA\ocr\raw\manual_screens\batch_001_ru\uid_panel\batch_001_ru_uid_panel_adab3734c3f3.png,1501497145,,1501497145,0.936264,unresolved,,missing_widget_ocr
batch_001_ru_uid_panel_adbf6f28b846_record,batch_001_ru,D:\IKA_DATA\ocr\raw\manual_screens\batch_001_ru\uid_panel\batch_001_ru_uid_panel_adbf6f28b846.png,1506601930,,1506774112,0.955427,unresolved,,missing_widget_ocr
batch_001_ru_uid_panel_b04157e7af04_record,batch_001_ru,D:\IKA_DATA\ocr\raw\manual_screens\batch_001_ru\uid_panel\batch_001_ru_uid_panel_b04157e7af04.png,1503247269,,1503247269,0.917318,unresolved,,missing_widget_ocr
batch_001_ru_uid_panel_b10185f0d8b9_record,batch_001_ru,D:\IKA_DATA\ocr\raw\manual_screens\batch_001_ru\uid_panel\batch_001_ru_uid_panel_b10185f0d8b9.png,1504749477,,1506457126,0.917393,unresolved,,missing_widget_ocr
batch_001_ru_uid_panel_b23031356222_record,batch_001_ru,D:\IKA_DATA\ocr\raw\manual_screens\batch_001_ru\uid_panel\batch_001_ru_uid_panel_b23031356222.png,1506601930,,1507151085,0.681322,unresolved,,missing_widget_ocr
batch_001_ru_uid_panel_b41eccc4b11e_record,batch_001_ru,D:\IKA_DATA\ocr\raw\manual_screens\batch_001_ru\uid_panel\batch_001_ru_uid_panel_b41eccc4b11e.png,1500930706,,1503772190,0.93748,unresolved,,missing_widget_ocr
batch_001_ru_uid_panel_b5f7ed8adc93_record,batch_001_ru,D:\IKA_DATA\ocr\raw\manual_screens\batch_001_ru\uid_panel\batch_001_ru_uid_panel_b5f7ed8adc93.png,1505907696,,1504349546,0.939173,unresolved,,missing_widget_ocr
batch_001_ru_uid_panel_b5fbe68f9e42_record,batch_001_ru,D:\IKA_DATA\ocr\raw\manual_screens\batch_001_ru\uid_panel\batch_001_ru_uid_panel_b5fbe68f9e42.png,1505907696,,1502548157,0.680622,unresolved,,missing_widget_ocr
batch_001_ru_uid_panel_ba30395b9b79_record,batch_001_ru,D:\IKA_DATA\ocr\raw\manual_screens\batch_001_ru\uid_panel\batch_001_ru_uid_panel_ba30395b9b79.png,1500491571,,1506696829,0.64305,unresolved,,missing_widget_ocr
batch_001_ru_uid_panel_bddc9f61f085_record,batch_001_ru,D:\IKA_DATA\ocr\raw\manual_screens\batch_001_ru\uid_panel\batch_001_ru_uid_panel_bddc9f61f085.png,1504717283,1500960062,1500960061,0.937656,unresolved,,ocr_model_disagree
batch_001_ru_uid_panel_c6a66ece46cd_record,batch_001_ru,D:\IKA_DATA\ocr\raw\manual_screens\batch_001_ru\uid_panel\batch_001_ru_uid_panel_c6a66ece46cd.png,1500853872,,1507130054,0.879092,unresolved,,missing_widget_ocr
batch_001_ru_uid_panel_cac2e01d920c_record,batch_001_ru,D:\IKA_DATA\ocr\raw\manual_screens\batch_001_ru\uid_panel\batch_001_ru_uid_panel_cac2e01d920c.png,1500491571,,1502304077,0.888925,unresolved,,missing_widget_ocr
batch_001_ru_uid_panel_cd6dd1ea891c_record,batch_001_ru,D:\IKA_DATA\ocr\raw\manual_screens\batch_001_ru\uid_panel\batch_001_ru_uid_panel_cd6dd1ea891c.png,1500491571,,1500491571,0.92756,unresolved,,missing_widget_ocr
batch_001_ru_uid_panel_cd83f836cdf4_record,batch_001_ru,D:\IKA_DATA\ocr\raw\manual_screens\batch_001_ru\uid_panel\batch_001_ru_uid_panel_cd83f836cdf4.png,1500563180,,1500563180,0.646655,unresolved,,missing_widget_ocr
batch_001_ru_uid_panel_d01f9a757cf8_record,batch_001_ru,D:\IKA_DATA\ocr\raw\manual_screens\batch_001_ru\uid_panel\batch_001_ru_uid_panel_d01f9a757cf8.png,1501497145,,1501233733,0.918689,unresolved,,missing_widget_ocr
batch_001_ru_uid_panel_d0a634df6350_record,batch_001_ru,D:\IKA_DATA\ocr\raw\manual_screens\batch_001_ru\uid_panel\batch_001_ru_uid_panel_d0a634df6350.png,1503554929,,1507065720,0.939047,unresolved,,missing_widget_ocr
batch_001_ru_uid_panel_d1924a331c6e_record,batch_001_ru,D:\IKA_DATA\ocr\raw\manual_screens\batch_001_ru\uid_panel\batch_001_ru_uid_panel_d1924a331c6e.png,1500853872,,1506960186,0.802319,unresolved,,missing_widget_ocr
batch_001_ru_uid_panel_d6061f04f0df_record,batch_001_ru,D:\IKA_DATA\ocr\raw\manual_screens\batch_001_ru\uid_panel\batch_001_ru_uid_panel_d6061f04f0df.png,1503247269,,1501011344,0.95336,unresolved,,missing_widget_ocr
batch_001_ru_uid_panel_d9c5de9d0925_record,batch_001_ru,D:\IKA_DATA\ocr\raw\manual_screens\batch_001_ru\uid_panel\batch_001_ru_uid_panel_d9c5de9d0925.png,1501497145,,1500243684,0.706551,unresolved,,missing_widget_ocr
batch_001_ru_uid_panel_db10175aa126_record,batch_001_ru,D:\IKA_DATA\ocr\raw\manual_screens\batch_001_ru\uid_panel\batch_001_ru_uid_panel_db10175aa126.png,1506535264,,1504214601,0.877996,unresolved,,missing_widget_ocr
batch_001_ru_uid_panel_ddc2939b1ba1_record,batch_001_ru,D:\IKA_DATA\ocr\raw\manual_screens\batch_001_ru\uid_panel\batch_001_ru_uid_panel_ddc2939b1ba1.png,1500563180,,1504235600,0.939173,unresolved,,missing_widget_ocr
batch_001_ru_uid_panel_ded4e387dc26_record,batch_001_ru,D:\IKA_DATA\ocr\raw\manual_screens\batch_001_ru\uid_panel\batch_001_ru_uid_panel_ded4e387dc26.png,1500491571,,1500395112,0.949334,unresolved,,missing_widget_ocr
batch_001_ru_uid_panel_e208a27a353a_record,batch_001_ru,D:\IKA_DATA\ocr\raw\manual_screens\batch_001_ru\uid_panel\batch_001_ru_uid_panel_e208a27a353a.png,1500491571,,1501540068,0.864835,unresolved,,missing_widget_ocr
batch_001_ru_uid_panel_e74e773c1543_record,batch_001_ru,D:\IKA_DATA\ocr\raw\manual_screens\batch_001_ru\uid_panel\batch_001_ru_uid_panel_e74e773c1543.png,1500537731,,1501538958,0.870773,unresolved,,missing_widget_ocr
batch_001_ru_uid_panel_e91be2668fd5_record,batch_001_ru,D:\IKA_DATA\ocr\raw\manual_screens\batch_001_ru\uid_panel\batch_001_ru_uid_panel_e91be2668fd5.png,1500491571,,1501950958,0.693359,unresolved,,missing_widget_ocr
batch_001_ru_uid_panel_e99561221883_record,batch_001_ru,D:\IKA_DATA\ocr\raw\manual_screens\batch_001_ru\uid_panel\batch_001_ru_uid_panel_e99561221883.png,1500868976,,1502068768,0.694864,unresolved,,missing_widget_ocr
batch_001_ru_uid_panel_ee9ec8535da3_record,batch_001_ru,D:\IKA_DATA\ocr\raw\manual_screens\batch_001_ru\uid_panel\batch_001_ru_uid_panel_ee9ec8535da3.png,1500491571,,1506854656,0.694417,unresolved,,missing_widget_ocr
batch_001_ru_uid_panel_f31e120430b0_record,batch_001_ru,D:\IKA_DATA\ocr\raw\manual_screens\batch_001_ru\uid_panel\batch_001_ru_uid_panel_f31e120430b0.png,1506601930,,1507123857,0.648035,unresolved,,missing_widget_ocr
batch_001_ru_uid_panel_f63dab129347_record,batch_001_ru,D:\IKA_DATA\ocr\raw\manual_screens\batch_001_ru\uid_panel\batch_001_ru_uid_panel_f63dab129347.png,1500930706,,1505906060,0.933422,unresolved,,missing_widget_ocr
batch_001_ru_uid_panel_f6f477ce3a8a_record,batch_001_ru,D:\IKA_DATA\ocr\raw\manual_screens\batch_001_ru\uid_panel\batch_001_ru_uid_panel_f6f477ce3a8a.png,1501497145,,1500887753,0.646655,unresolved,,missing_widget_ocr
batch_001_ru_uid_panel_fdce398b1ac3_record,batch_001_ru,D:\IKA_DATA\ocr\raw\manual_screens\batch_001_ru\uid_panel\batch_001_ru_uid_panel_fdce398b1ac3.png,1501497145,,1505633430,0.95843,unresolved,,missing_widget_ocr
batch_001_ru_uid_panel_ff5d01b684f8_record,batch_001_ru,D:\IKA_DATA\ocr\raw\manual_screens\batch_001_ru\uid_panel\batch_001_ru_uid_panel_ff5d01b684f8.png,1506535264,,1506649331,0.948552,unresolved,,missing_widget_ocr
batch_001_ru_uid_panel_ff6dc6e5396e_record,batch_001_ru,D:\IKA_DATA\ocr\raw\manual_screens\batch_001_ru\uid_panel\batch_001_ru_uid_panel_ff6dc6e5396e.png,1506601930,,1507153047,0.923871,unresolved,,missing_widget_ocr
batch_en_001_uid_panel_0e378979258d_record,batch_en_001,D:\IKA_DATA\ocr\raw\manual_screens\batch_en_001\uid_panel\batch_en_001_uid_panel_0e378979258d.png,1500198244,1503111596,1508111598,0.337239,unresolved,,ocr_model_disagree
batch_en_001_uid_panel_13cd6a474175_record,batch_en_001,D:\IKA_DATA\ocr\raw\manual_screens\batch_en_001\uid_panel\batch_en_001_uid_panel_13cd6a474175.png,1504907456,1506639746,1585397455,0.607876,unresolved,,ocr_model_disagree
batch_en_001_uid_panel_1aae5a201d9b_record,batch_en_001,D:\IKA_DATA\ocr\raw\manual_screens\batch_en_001\uid_panel\batch_en_001_uid_panel_1aae5a201d9b.png,1504717283,1500328804,1582288045,0.469848,unresolved,,ocr_model_disagree
batch_en_001_uid_panel_1b6bf56a09b9_record,batch_en_001,D:\IKA_DATA\ocr\raw\manual_screens\batch_en_001\uid_panel\batch_en_001_uid_panel_1b6bf56a09b9.png,1504693880,1507133464,1507128484,0.35287,unresolved,,ocr_model_disagree
batch_en_001_uid_panel_1fc599876287_record,batch_en_001,D:\IKA_DATA\ocr\raw\manual_screens\batch_en_001\uid_panel\batch_en_001_uid_panel_1fc599876287.png,1505804691,1503666146,1508888148,0.337239,unresolved,,ocr_model_disagree
batch_en_001_uid_panel_34579493aac1_record,batch_en_001,D:\IKA_DATA\ocr\raw\manual_screens\batch_en_001\uid_panel\batch_en_001_uid_panel_34579493aac1.png,1507121495,1505461659,1505481859,0.77289,unresolved,,ocr_model_disagree
batch_en_001_uid_panel_371693bdf54d_record,batch_en_001,D:\IKA_DATA\ocr\raw\manual_screens\batch_en_001\uid_panel\batch_en_001_uid_panel_371693bdf54d.png,1506799816,1504694143,1504894142,0.508127,unresolved,,ocr_model_disagree
batch_en_001_uid_panel_3fd7a257d955_record,batch_en_001,D:\IKA_DATA\ocr\raw\manual_screens\batch_en_001\uid_panel\batch_en_001_uid_panel_3fd7a257d955.png,1500198244,1505641219,1505841219,0.803245,unresolved,,ocr_model_disagree
batch_en_001_uid_panel_4ef7d055d207_record,batch_en_001,D:\IKA_DATA\ocr\raw\manual_screens\batch_en_001\uid_panel\batch_en_001_uid_panel_4ef7d055d207.png,1507121495,1503849360,1503849350,0.653751,unresolved,,ocr_model_disagree
batch_en_001_uid_panel_57b40d56eb66_record,batch_en_001,D:\IKA_DATA\ocr\raw\manual_screens\batch_en_001\uid_panel\batch_en_001_uid_panel_57b40d56eb66.png,1507019484,1505953605,1505958805,0.35287,unresolved,,ocr_model_disagree
batch_en_001_uid_panel_5b738c26c7ad_record,batch_en_001,D:\IKA_DATA\ocr\raw\manual_screens\batch_en_001\uid_panel\batch_en_001_uid_panel_5b738c26c7ad.png,1507019484,1504058466,1504058488,0.61441,unresolved,,ocr_model_disagree
batch_en_001_uid_panel_5f7a65228343_record,batch_en_001,D:\IKA_DATA\ocr\raw\manual_screens\batch_en_001\uid_panel\batch_en_001_uid_panel_5f7a65228343.png,1505212923,1504323858,1504228858,0.35287,unresolved,,ocr_model_disagree
batch_en_001_uid_panel_5f8a2dc71f20_record,batch_en_001,D:\IKA_DATA\ocr\raw\manual_screens\batch_en_001\uid_panel\batch_en_001_uid_panel_5f8a2dc71f20.png,1500198244,1506317512,1582175125,0.500466,unresolved,,ocr_model_disagree
batch_en_001_uid_panel_5ff36375be23_record,batch_en_001,D:\IKA_DATA\ocr\raw\manual_screens\batch_en_001\uid_panel\batch_en_001_uid_panel_5ff36375be23.png,1500198244,1505976392,1505975392,0.701629,unresolved,,ocr_model_disagree
batch_en_001_uid_panel_6a8ab9ae0118_record,batch_en_001,D:\IKA_DATA\ocr\raw\manual_screens\batch_en_001\uid_panel\batch_en_001_uid_panel_6a8ab9ae0118.png,1500198244,1504658947,1504858947,0.769841,unresolved,,ocr_model_disagree
batch_en_001_uid_panel_6b396a08b63b_record,batch_en_001,D:\IKA_DATA\ocr\raw\manual_screens\batch_en_001\uid_panel\batch_en_001_uid_panel_6b396a08b63b.png,1501400540,1501318684,1501218884,0.539194,unresolved,,ocr_model_disagree
batch_en_001_uid_panel_6c538746413a_record,batch_en_001,D:\IKA_DATA\ocr\raw\manual_screens\batch_en_001\uid_panel\batch_en_001_uid_panel_6c538746413a.png,1507149771,1507157367,1507157357,0.64415,unresolved,,ocr_model_disagree
batch_en_001_uid_panel_76b03817e4a9_record,batch_en_001,D:\IKA_DATA\ocr\raw\manual_screens\batch_en_001\uid_panel\batch_en_001_uid_panel_76b03817e4a9.png,1505212923,1500166741,1591887415,0.485835,unresolved,,ocr_model_disagree
batch_en_001_uid_panel_77c9de4041fb_record,batch_en_001,D:\IKA_DATA\ocr\raw\manual_screens\batch_en_001\uid_panel\batch_en_001_uid_panel_77c9de4041fb.png,1503354149,1506906438,1589084885,0.337239,unresolved,,ocr_model_disagree
batch_en_001_uid_panel_86a0e2237dde_record,batch_en_001,D:\IKA_DATA\ocr\raw\manual_screens\batch_en_001\uid_panel\batch_en_001_uid_panel_86a0e2237dde.png,1504907456,1500217103,1582171025,0.471443,unresolved,,ocr_model_disagree
batch_en_001_uid_panel_899f6af90237_record,batch_en_001,D:\IKA_DATA\ocr\raw\manual_screens\batch_en_001\uid_panel\batch_en_001_uid_panel_899f6af90237.png,1505804691,1500824686,1598248885,0.485835,unresolved,,ocr_model_disagree
batch_en_001_uid_panel_8d8f866d9137_record,batch_en_001,D:\IKA_DATA\ocr\raw\manual_screens\batch_en_001\uid_panel\batch_en_001_uid_panel_8d8f866d9137.png,1500474507,1504377173,1504277172,0.508127,unresolved,,ocr_model_disagree
batch_en_001_uid_panel_922451d4a4c3_record,batch_en_001,D:\IKA_DATA\ocr\raw\manual_screens\batch_en_001\uid_panel\batch_en_001_uid_panel_922451d4a4c3.png,1507121495,1500311862,1582118825,0.459744,unresolved,,ocr_model_disagree
batch_en_001_uid_panel_9c7ad66e7308_record,batch_en_001,D:\IKA_DATA\ocr\raw\manual_screens\batch_en_001\uid_panel\batch_en_001_uid_panel_9c7ad66e7308.png,1507149771,1506001242,,0.0,unresolved,,digit_segmentation_failed
batch_en_001_uid_panel_a1cf09bfc6c1_record,batch_en_001,D:\IKA_DATA\ocr\raw\manual_screens\batch_en_001\uid_panel\batch_en_001_uid_panel_a1cf09bfc6c1.png,1502030953,1500194212,1591942125,0.485835,unresolved,,ocr_model_disagree
batch_en_001_uid_panel_a61fcb152afc_record,batch_en_001,D:\IKA_DATA\ocr\raw\manual_screens\batch_en_001\uid_panel\batch_en_001_uid_panel_a61fcb152afc.png,1506799816,1500335267,1582252875,0.368708,unresolved,,ocr_model_disagree
batch_en_001_uid_panel_ac4a94129a19_record,batch_en_001,D:\IKA_DATA\ocr\raw\manual_screens\batch_en_001\uid_panel\batch_en_001_uid_panel_ac4a94129a19.png,1506799816,1500510053,,0.0,unresolved,,digit_segmentation_failed
batch_en_001_uid_panel_b50ceba0bdc6_record,batch_en_001,D:\IKA_DATA\ocr\raw\manual_screens\batch_en_001\uid_panel\batch_en_001_uid_panel_b50ceba0bdc6.png,1507090216,1501622073,1501522073,0.732397,unresolved,,ocr_model_disagree
batch_en_001_uid_panel_b6b5392d6fef_record,batch_en_001,D:\IKA_DATA\ocr\raw\manual_screens\batch_en_001\uid_panel\batch_en_001_uid_panel_b6b5392d6fef.png,1504693880,1500627219,1598272195,0.509755,unresolved,,ocr_model_disagree
batch_en_001_uid_panel_ba24c9581718_record,batch_en_001,D:\IKA_DATA\ocr\raw\manual_screens\batch_en_001\uid_panel\batch_en_001_uid_panel_ba24c9581718.png,1504717283,1500332481,1582224815,0.368758,unresolved,,ocr_model_disagree
batch_en_001_uid_panel_ba61450a8b0c_record,batch_en_001,D:\IKA_DATA\ocr\raw\manual_screens\batch_en_001\uid_panel\batch_en_001_uid_panel_ba61450a8b0c.png,1501400540,1504708628,1504708828,0.822107,unresolved,,ocr_model_disagree
batch_en_001_uid_panel_bbff7dc40ff8_record,batch_en_001,D:\IKA_DATA\ocr\raw\manual_screens\batch_en_001\uid_panel\batch_en_001_uid_panel_bbff7dc40ff8.png,1502030953,1506832728,1588227285,0.368758,unresolved,,ocr_model_disagree
batch_en_001_uid_panel_be1d4d914f1f_record,batch_en_001,D:\IKA_DATA\ocr\raw\manual_screens\batch_en_001\uid_panel\batch_en_001_uid_panel_be1d4d914f1f.png,1501400540,1501069100,1501891005,0.406678,unresolved,,ocr_model_disagree
batch_en_001_uid_panel_c53a14294cc0_record,batch_en_001,D:\IKA_DATA\ocr\raw\manual_screens\batch_en_001\uid_panel\batch_en_001_uid_panel_c53a14294cc0.png,1503354149,1506884638,1588848885,0.337239,unresolved,,ocr_model_disagree
batch_en_001_uid_panel_cbb803d2596b_record,batch_en_001,D:\IKA_DATA\ocr\raw\manual_screens\batch_en_001\uid_panel\batch_en_001_uid_panel_cbb803d2596b.png,1501400540,1505637674,1505537574,0.64444,unresolved,,ocr_model_disagree
batch_en_001_uid_panel_ded8d27987af_record,batch_en_001,D:\IKA_DATA\ocr\raw\manual_screens\batch_en_001\uid_panel\batch_en_001_uid_panel_ded8d27987af.png,1500198244,1506196184,1581981845,0.433421,unresolved,,ocr_model_disagree
batch_en_001_uid_panel_e461b50a7a82_record,batch_en_001,D:\IKA_DATA\ocr\raw\manual_screens\batch_en_001\uid_panel\batch_en_001_uid_panel_e461b50a7a82.png,1507149771,1507096359,1507098259,0.403848,unresolved,,ocr_model_disagree
batch_en_001_uid_panel_e74c09b5b782_record,batch_en_001,D:\IKA_DATA\ocr\raw\manual_screens\batch_en_001\uid_panel\batch_en_001_uid_panel_e74c09b5b782.png,1501400540,1504654264,1504854284,0.677772,unresolved,,ocr_model_disagree
batch_en_001_uid_panel_e827d5edf77f_record,batch_en_001,D:\IKA_DATA\ocr\raw\manual_screens\batch_en_001\uid_panel\batch_en_001_uid_panel_e827d5edf77f.png,1504717283,1505150654,1505150854,0.822802,unresolved,,ocr_model_disagree
batch_en_001_uid_panel_f50f7bcb17ff_record,batch_en_001,D:\IKA_DATA\ocr\raw\manual_screens\batch_en_001\uid_panel\batch_en_001_uid_panel_f50f7bcb17ff.png,1507019484,1502662352,1502882252,0.493621,unresolved,,ocr_model_disagree
batch_en_001_uid_panel_f8b0da867791_record,batch_en_001,D:\IKA_DATA\ocr\raw\manual_screens\batch_en_001\uid_panel\batch_en_001_uid_panel_f8b0da867791.png,1504693880,1506906629,1589088295,0.399025,unresolved,,ocr_model_disagree
batch_en_001_uid_panel_fef4c827d68a_record,batch_en_001,D:\IKA_DATA\ocr\raw\manual_screens\batch_en_001\uid_panel\batch_en_001_uid_panel_fef4c827d68a.png,1507149771,1506369751,1582897515,0.500466,unresolved,,ocr_model_disagree
