record_id,path,head,locale,resolution,uid_digit,agent_icon_id,amplifier_id,disc_set_id,disc_level,reviewer,notes
live-session_1772677479-uid_digit-000000,D:\IKA_DATA\ocr\raw\live\session_1772677479\session_1772677479_uid_digit_000000.jpg,uid_digit,RU,1080p,1,,,,,,
live-session_1772677479-uid_digit-000001,D:\IKA_DATA\ocr\raw\live\session_1772677479\session_1772677479_uid_digit_000001.jpg,uid_digit,RU,1080p,1,,,,,,
live-session_1772677479-uid_digit-000002,D:\IKA_DATA\ocr\raw\live\session_1772677479\session_1772677479_uid_digit_000002.jpg,uid_digit,RU,1080p,1,,,,,,
live-session_1772677479-uid_digit-000003,D:\IKA_DATA\ocr\raw\live\session_1772677479\session_1772677479_uid_digit_000003.jpg,uid_digit,RU,1080p,1,,,,,,
live-session_1772677479-uid_digit-000004,D:\IKA_DATA\ocr\raw\live\session_1772677479\session_1772677479_uid_digit_000004.jpg,uid_digit,RU,1080p,1,,,,,,
live-session_1772677479-uid_digit-000005,D:\IKA_DATA\ocr\raw\live\session_1772677479\session_1772677479_uid_digit_000005.jpg,uid_digit,RU,1080p,1,,,,,,
live-session_1772677479-uid_digit-000006,D:\IKA_DATA\ocr\raw\live\session_1772677479\session_1772677479_uid_digit_000006.jpg,uid_digit,RU,1080p,1,,,,,,
live-session_1772677479-uid_digit-000007,D:\IKA_DATA\ocr\raw\live\session_1772677479\session_1772677479_uid_digit_000007.jpg,uid_digit,RU,1080p,1,,,,,,
live-session_1772677479-uid_digit-000008,D:\IKA_DATA\ocr\raw\live\session_1772677479\session_1772677479_uid_digit_000008.jpg,uid_digit,RU,1080p,1,,,,,,
live-session_1772677479-uid_digit-000009,D:\IKA_DATA\ocr\raw\live\session_1772677479\session_1772677479_uid_digit_000009.jpg,uid_digit,RU,1080p,1,,,,,,
live-session_1772677479-uid_digit-000010,D:\IKA_DATA\ocr\raw\live\session_1772677479\session_1772677479_uid_digit_000010.jpg,uid_digit,RU,1080p,1,,,,,,
live-session_1772677479-uid_digit-000011,D:\IKA_DATA\ocr\raw\live\session_1772677479\session_1772677479_uid_digit_000011.jpg,uid_digit,RU,1080p,1,,,,,,
live-session_1772677498-agent_icon-000000,D:\IKA_DATA\ocr\raw\live\session_1772677498\session_1772677498_agent_icon_000000.jpg,agent_icon,RU,1080p,,agent_vivian,,,,,
live-session_1772677498-agent_icon-000001,D:\IKA_DATA\ocr\raw\live\session_1772677498\session_1772677498_agent_icon_000001.jpg,agent_icon,RU,1080p,,agent_vivian,,,,,
live-session_1772677498-agent_icon-000002,D:\IKA_DATA\ocr\raw\live\session_1772677498\session_1772677498_agent_icon_000002.jpg,agent_icon,RU,1080p,,agent_vivian,,,,,
live-session_1772677498-agent_icon-000003,D:\IKA_DATA\ocr\raw\live\session_1772677498\session_1772677498_agent_icon_000003.jpg,agent_icon,RU,1080p,,agent_vivian,,,,,
live-session_1772677498-agent_icon-000004,D:\IKA_DATA\ocr\raw\live\session_1772677498\session_1772677498_agent_icon_000004.jpg,agent_icon,RU,1080p,,agent_vivian,,,,,
live-session_1772677498-agent_icon-000005,D:\IKA_DATA\ocr\raw\live\session_1772677498\session_1772677498_agent_icon_000005.jpg,agent_icon,RU,1080p,,agent_vivian,,,,,
live-session_1772677498-agent_icon-000006,D:\IKA_DATA\ocr\raw\live\session_1772677498\session_1772677498_agent_icon_000006.jpg,agent_icon,RU,1080p,,agent_vivian,,,,,
live-session_1772677498-agent_icon-000007,D:\IKA_DATA\ocr\raw\live\session_1772677498\session_1772677498_agent_icon_000007.jpg,agent_icon,RU,1080p,,agent_vivian,,,,,
live-session_1772677498-agent_icon-000008,D:\IKA_DATA\ocr\raw\live\session_1772677498\session_1772677498_agent_icon_000008.jpg,agent_icon,RU,1080p,,agent_vivian,,,,,
live-session_1772677498-agent_icon-000009,D:\IKA_DATA\ocr\raw\live\session_1772677498\session_1772677498_agent_icon_000009.jpg,agent_icon,RU,1080p,,agent_anby,,,,,
frame-ocr_pub_001-ocr_pub_001_001-agent_icon-000650,D:\IKA_DATA\ocr\frames\ocr_pub_001_ocr_pub_001_001_agent_icon_f000650.jpg,agent_icon,EN,1080p,,agent_lycaon,,,,,
frame-ocr_pub_001-ocr_pub_001_001-agent_icon-004550,D:\IKA_DATA\ocr\frames\ocr_pub_001_ocr_pub_001_001_agent_icon_f004550.jpg,agent_icon,EN,1080p,,agent_lycaon,,,,,
frame-ocr_pub_002-ocr_pub_002_001-agent_icon-000000,D:\IKA_DATA\ocr\frames\ocr_pub_002_ocr_pub_002_001_agent_icon_f000000.jpg,agent_icon,EN,1080p,,agent_koleda,,,,,
frame-ocr_pub_002-ocr_pub_002_001-agent_icon-000850,D:\IKA_DATA\ocr\frames\ocr_pub_002_ocr_pub_002_001_agent_icon_f000850.jpg,agent_icon,EN,1080p,,agent_vivian,,,,,
frame-ocr_pub_002-ocr_pub_002_001-agent_icon-002400,D:\IKA_DATA\ocr\frames\ocr_pub_002_ocr_pub_002_001_agent_icon_f002400.jpg,agent_icon,EN,1080p,,agent_vivian,,,,,
frame-ocr_pub_002-ocr_pub_002_001-agent_icon-003950,D:\IKA_DATA\ocr\frames\ocr_pub_002_ocr_pub_002_001_agent_icon_f003950.jpg,agent_icon,EN,1080p,,agent_vivian,,,,,
frame-ocr_pub_002-ocr_pub_002_001-agent_icon-004950,D:\IKA_DATA\ocr\frames\ocr_pub_002_ocr_pub_002_001_agent_icon_f004950.jpg,agent_icon,EN,1080p,,agent_vivian,,,,,
frame-ocr_pub_003-ocr_pub_003_001-agent_icon-000000,D:\IKA_DATA\ocr\frames\ocr_pub_003_ocr_pub_003_001_agent_icon_f000000.jpg,agent_icon,EN,1080p,,agent_vivian,,,,,
frame-ocr_pub_003-ocr_pub_003_001-agent_icon-000600,D:\IKA_DATA\ocr\frames\ocr_pub_003_ocr_pub_003_001_agent_icon_f000600.jpg,agent_icon,EN,1080p,,agent_vivian,,,,,
frame-ocr_pub_003-ocr_pub_003_001-agent_icon-001000,D:\IKA_DATA\ocr\frames\ocr_pub_003_ocr_pub_003_001_agent_icon_f001000.jpg,agent_icon,EN,1080p,,agent_lycaon,,,,,
frame-ocr_pub_003-ocr_pub_003_001-agent_icon-001850,D:\IKA_DATA\ocr\frames\ocr_pub_003_ocr_pub_003_001_agent_icon_f001850.jpg,agent_icon,EN,1080p,,agent_lycaon,,,,,
frame-ocr_pub_003-ocr_pub_003_001-agent_icon-002150,D:\IKA_DATA\ocr\frames\ocr_pub_003_ocr_pub_003_001_agent_icon_f002150.jpg,agent_icon,EN,1080p,,agent_lycaon,,,,,
frame-ocr_pub_003-ocr_pub_003_001-agent_icon-002500,D:\IKA_DATA\ocr\frames\ocr_pub_003_ocr_pub_003_001_agent_icon_f002500.jpg,agent_icon,EN,1080p,,agent_vivian,,,,,
frame-ocr_pub_003-ocr_pub_003_001-agent_icon-002650,D:\IKA_DATA\ocr\frames\ocr_pub_003_ocr_pub_003_001_agent_icon_f002650.jpg,agent_icon,EN,1080p,,agent_vivian,,,,,
frame-ocr_pub_003-ocr_pub_003_001-agent_icon-002850,D:\IKA_DATA\ocr\frames\ocr_pub_003_ocr_pub_003_001_agent_icon_f002850.jpg,agent_icon,EN,1080p,,agent_lycaon,,,,,
frame-ocr_pub_003-ocr_pub_003_001-agent_icon-003300,D:\IKA_DATA\ocr\frames\ocr_pub_003_ocr_pub_003_001_agent_icon_f003300.jpg,agent_icon,EN,1080p,,agent_lycaon,,,,,
frame-ocr_pub_003-ocr_pub_003_001-agent_icon-003500,D:\IKA_DATA\ocr\frames\ocr_pub_003_ocr_pub_003_001_agent_icon_f003500.jpg,agent_icon,EN,1080p,,agent_lycaon,,,,,
frame-ocr_pub_003-ocr_pub_003_001-agent_icon-004850,D:\IKA_DATA\ocr\frames\ocr_pub_003_ocr_pub_003_001_agent_icon_f004850.jpg,agent_icon,EN,1080p,,agent_lycaon,,,,,
frame-ocr_pub_003-ocr_pub_003_001-agent_icon-005250,D:\IKA_DATA\ocr\frames\ocr_pub_003_ocr_pub_003_001_agent_icon_f005250.jpg,agent_icon,EN,1080p,,agent_vivian,,,,,
frame-ocr_pub_003-ocr_pub_003_001-agent_icon-005450,D:\IKA_DATA\ocr\frames\ocr_pub_003_ocr_pub_003_001_agent_icon_f005450.jpg,agent_icon,EN,1080p,,agent_vivian,,,,,
frame-ocr_pub_003-ocr_pub_003_001-agent_icon-007200,D:\IKA_DATA\ocr\frames\ocr_pub_003_ocr_pub_003_001_agent_icon_f007200.jpg,agent_icon,EN,1080p,,agent_lycaon,,,,,
frame-ocr_pub_003-ocr_pub_003_001-agent_icon-007400,D:\IKA_DATA\ocr\frames\ocr_pub_003_ocr_pub_003_001_agent_icon_f007400.jpg,agent_icon,EN,1080p,,agent_anby,,,,,
frame-ocr_pub_004-ocr_pub_004_001-agent_icon-000300,D:\IKA_DATA\ocr\frames\ocr_pub_004_ocr_pub_004_001_agent_icon_f000300.jpg,agent_icon,EN,1080p,,agent_vivian,,,,,
frame-ocr_pub_004-ocr_pub_004_001-agent_icon-000750,D:\IKA_DATA\ocr\frames\ocr_pub_004_ocr_pub_004_001_agent_icon_f000750.jpg,agent_icon,EN,1080p,,agent_lycaon,,,,,
frame-ocr_pub_004-ocr_pub_004_001-agent_icon-000800,D:\IKA_DATA\ocr\frames\ocr_pub_004_ocr_pub_004_001_agent_icon_f000800.jpg,agent_icon,EN,1080p,,agent_vivian,,,,,
frame-ocr_pub_004-ocr_pub_004_001-agent_icon-001300,D:\IKA_DATA\ocr\frames\ocr_pub_004_ocr_pub_004_001_agent_icon_f001300.jpg,agent_icon,EN,1080p,,agent_vivian,,,,,
frame-ocr_pub_004-ocr_pub_004_001-agent_icon-001600,D:\IKA_DATA\ocr\frames\ocr_pub_004_ocr_pub_004_001_agent_icon_f001600.jpg,agent_icon,EN,1080p,,agent_vivian,,,,,
frame-ocr_pub_004-ocr_pub_004_001-agent_icon-001700,D:\IKA_DATA\ocr\frames\ocr_pub_004_ocr_pub_004_001_agent_icon_f001700.jpg,agent_icon,EN,1080p,,agent_lycaon,,,,,
frame-ocr_pub_004-ocr_pub_004_001-agent_icon-002250,D:\IKA_DATA\ocr\frames\ocr_pub_004_ocr_pub_004_001_agent_icon_f002250.jpg,agent_icon,EN,1080p,,agent_lycaon,,,,,
frame-ocr_pub_004-ocr_pub_004_001-agent_icon-003200,D:\IKA_DATA\ocr\frames\ocr_pub_004_ocr_pub_004_001_agent_icon_f003200.jpg,agent_icon,EN,1080p,,agent_lycaon,,,,,
frame-ocr_pub_004-ocr_pub_004_001-agent_icon-003350,D:\IKA_DATA\ocr\frames\ocr_pub_004_ocr_pub_004_001_agent_icon_f003350.jpg,agent_icon,EN,1080p,,agent_lycaon,,,,,
frame-ocr_pub_004-ocr_pub_004_001-agent_icon-003700,D:\IKA_DATA\ocr\frames\ocr_pub_004_ocr_pub_004_001_agent_icon_f003700.jpg,agent_icon,EN,1080p,,agent_lycaon,,,,,
frame-ocr_pub_004-ocr_pub_004_001-agent_icon-003900,D:\IKA_DATA\ocr\frames\ocr_pub_004_ocr_pub_004_001_agent_icon_f003900.jpg,agent_icon,EN,1080p,,agent_lycaon,,,,,
frame-ocr_pub_004-ocr_pub_004_001-agent_icon-004150,D:\IKA_DATA\ocr\frames\ocr_pub_004_ocr_pub_004_001_agent_icon_f004150.jpg,agent_icon,EN,1080p,,agent_lycaon,,,,,
frame-ocr_pub_004-ocr_pub_004_001-agent_icon-004800,D:\IKA_DATA\ocr\frames\ocr_pub_004_ocr_pub_004_001_agent_icon_f004800.jpg,agent_icon,EN,1080p,,agent_lycaon,,,,,
frame-ocr_pub_004-ocr_pub_004_001-agent_icon-004850,D:\IKA_DATA\ocr\frames\ocr_pub_004_ocr_pub_004_001_agent_icon_f004850.jpg,agent_icon,EN,1080p,,agent_vivian,,,,,
frame-ocr_pub_004-ocr_pub_004_001-agent_icon-004950,D:\IKA_DATA\ocr\frames\ocr_pub_004_ocr_pub_004_001_agent_icon_f004950.jpg,agent_icon,EN,1080p,,agent_vivian,,,,,
frame-ocr_pub_004-ocr_pub_004_001-agent_icon-006000,D:\IKA_DATA\ocr\frames\ocr_pub_004_ocr_pub_004_001_agent_icon_f006000.jpg,agent_icon,EN,1080p,,agent_vivian,,,,,
frame-ocr_pub_004-ocr_pub_004_001-agent_icon-006650,D:\IKA_DATA\ocr\frames\ocr_pub_004_ocr_pub_004_001_agent_icon_f006650.jpg,agent_icon,EN,1080p,,agent_vivian,,,,,
frame-ocr_pub_004-ocr_pub_004_001-agent_icon-006700,D:\IKA_DATA\ocr\frames\ocr_pub_004_ocr_pub_004_001_agent_icon_f006700.jpg,agent_icon,EN,1080p,,agent_vivian,,,,,
frame-ocr_pub_004-ocr_pub_004_001-agent_icon-006850,D:\IKA_DATA\ocr\frames\ocr_pub_004_ocr_pub_004_001_agent_icon_f006850.jpg,agent_icon,EN,1080p,,agent_lycaon,,,,,
frame-ocr_pub_004-ocr_pub_004_001-agent_icon-007400,D:\IKA_DATA\ocr\frames\ocr_pub_004_ocr_pub_004_001_agent_icon_f007400.jpg,agent_icon,EN,1080p,,agent_lycaon,,,,,
frame-ocr_pub_004-ocr_pub_004_001-agent_icon-007700,D:\IKA_DATA\ocr\frames\ocr_pub_004_ocr_pub_004_001_agent_icon_f007700.jpg,agent_icon,EN,1080p,,agent_vivian,,,,,
frame-ocr_pub_004-ocr_pub_004_001-agent_icon-007750,D:\IKA_DATA\ocr\frames\ocr_pub_004_ocr_pub_004_001_agent_icon_f007750.jpg,agent_icon,EN,1080p,,agent_lycaon,,,,,
frame-ocr_pub_004-ocr_pub_004_001-agent_icon-007800,D:\IKA_DATA\ocr\frames\ocr_pub_004_ocr_pub_004_001_agent_icon_f007800.jpg,agent_icon,EN,1080p,,agent_lycaon,,,,,
frame-ocr_pub_004-ocr_pub_004_001-agent_icon-008400,D:\IKA_DATA\ocr\frames\ocr_pub_004_ocr_pub_004_001_agent_icon_f008400.jpg,agent_icon,EN,1080p,,agent_vivian,,,,,
frame-ocr_pub_004-ocr_pub_004_001-agent_icon-008500,D:\IKA_DATA\ocr\frames\ocr_pub_004_ocr_pub_004_001_agent_icon_f008500.jpg,agent_icon,EN,1080p,,agent_vivian,,,,,
frame-ocr_pub_004-ocr_pub_004_001-agent_icon-008650,D:\IKA_DATA\ocr\frames\ocr_pub_004_ocr_pub_004_001_agent_icon_f008650.jpg,agent_icon,EN,1080p,,agent_vivian,,,,,
frame-ocr_pub_004-ocr_pub_004_001-agent_icon-008700,D:\IKA_DATA\ocr\frames\ocr_pub_004_ocr_pub_004_001_agent_icon_f008700.jpg,agent_icon,EN,1080p,,agent_lycaon,,,,,
frame-ocr_pub_005-ocr_pub_005_001-agent_icon-003100,D:\IKA_DATA\ocr\frames\ocr_pub_005_ocr_pub_005_001_agent_icon_f003100.jpg,agent_icon,EN,1080p,,agent_vivian,,,,,
frame-ocr_pub_005-ocr_pub_005_001-agent_icon-003350,D:\IKA_DATA\ocr\frames\ocr_pub_005_ocr_pub_005_001_agent_icon_f003350.jpg,agent_icon,EN,1080p,,agent_vivian,,,,,
frame-ocr_pub_005-ocr_pub_005_001-agent_icon-004200,D:\IKA_DATA\ocr\frames\ocr_pub_005_ocr_pub_005_001_agent_icon_f004200.jpg,agent_icon,EN,1080p,,agent_vivian,,,,,
frame-ocr_pub_005-ocr_pub_005_001-agent_icon-004650,D:\IKA_DATA\ocr\frames\ocr_pub_005_ocr_pub_005_001_agent_icon_f004650.jpg,agent_icon,EN,1080p,,agent_vivian,,,,,
frame-ocr_pub_005-ocr_pub_005_001-agent_icon-004750,D:\IKA_DATA\ocr\frames\ocr_pub_005_ocr_pub_005_001_agent_icon_f004750.jpg,agent_icon,EN,1080p,,agent_lycaon,,,,,
frame-ocr_pub_005-ocr_pub_005_001-agent_icon-004850,D:\IKA_DATA\ocr\frames\ocr_pub_005_ocr_pub_005_001_agent_icon_f004850.jpg,agent_icon,EN,1080p,,agent_lycaon,,,,,
frame-ocr_pub_005-ocr_pub_005_001-agent_icon-004900,D:\IKA_DATA\ocr\frames\ocr_pub_005_ocr_pub_005_001_agent_icon_f004900.jpg,agent_icon,EN,1080p,,agent_lycaon,,,,,
frame-ocr_pub_005-ocr_pub_005_001-agent_icon-004950,D:\IKA_DATA\ocr\frames\ocr_pub_005_ocr_pub_005_001_agent_icon_f004950.jpg,agent_icon,EN,1080p,,agent_lycaon,,,,,
frame-ocr_pub_005-ocr_pub_005_001-agent_icon-005200,D:\IKA_DATA\ocr\frames\ocr_pub_005_ocr_pub_005_001_agent_icon_f005200.jpg,agent_icon,EN,1080p,,agent_lycaon,,,,,
frame-ocr_pub_005-ocr_pub_005_001-agent_icon-005350,D:\IKA_DATA\ocr\frames\ocr_pub_005_ocr_pub_005_001_agent_icon_f005350.jpg,agent_icon,EN,1080p,,agent_vivian,,,,,
frame-ocr_pub_005-ocr_pub_005_001-agent_icon-005950,D:\IKA_DATA\ocr\frames\ocr_pub_005_ocr_pub_005_001_agent_icon_f005950.jpg,agent_icon,EN,1080p,,agent_vivian,,,,,
frame-ocr_pub_005-ocr_pub_005_001-agent_icon-006050,D:\IKA_DATA\ocr\frames\ocr_pub_005_ocr_pub_005_001_agent_icon_f006050.jpg,agent_icon,EN,1080p,,agent_lycaon,,,,,
frame-ocr_pub_005-ocr_pub_005_001-agent_icon-006400,D:\IKA_DATA\ocr\frames\ocr_pub_005_ocr_pub_005_001_agent_icon_f006400.jpg,agent_icon,EN,1080p,,agent_vivian,,,,,
frame-ocr_pub_005-ocr_pub_005_001-agent_icon-006600,D:\IKA_DATA\ocr\frames\ocr_pub_005_ocr_pub_005_001_agent_icon_f006600.jpg,agent_icon,EN,1080p,,agent_vivian,,,,,
frame-ocr_pub_006-ocr_pub_006_001-agent_icon-000000,D:\IKA_DATA\ocr\frames\ocr_pub_006_ocr_pub_006_001_agent_icon_f000000.jpg,agent_icon,EN,1080p,,agent_vivian,,,,,
frame-ocr_pub_006-ocr_pub_006_001-agent_icon-000750,D:\IKA_DATA\ocr\frames\ocr_pub_006_ocr_pub_006_001_agent_icon_f000750.jpg,agent_icon,EN,1080p,,agent_lycaon,,,,,
frame-ocr_pub_006-ocr_pub_006_001-agent_icon-002650,D:\IKA_DATA\ocr\frames\ocr_pub_006_ocr_pub_006_001_agent_icon_f002650.jpg,agent_icon,EN,1080p,,agent_vivian,,,,,
frame-ocr_pub_007-ocr_pub_007_001-agent_icon-000650,D:\IKA_DATA\ocr\frames\ocr_pub_007_ocr_pub_007_001_agent_icon_f000650.jpg,agent_icon,EN,1080p,,agent_vivian,,,,,
frame-ocr_pub_007-ocr_pub_007_001-agent_icon-001300,D:\IKA_DATA\ocr\frames\ocr_pub_007_ocr_pub_007_001_agent_icon_f001300.jpg,agent_icon,EN,1080p,,agent_vivian,,,,,
frame-ocr_pub_007-ocr_pub_007_001-agent_icon-002550,D:\IKA_DATA\ocr\frames\ocr_pub_007_ocr_pub_007_001_agent_icon_f002550.jpg,agent_icon,EN,1080p,,agent_vivian,,,,,
frame-ocr_pub_007-ocr_pub_007_001-agent_icon-002950,D:\IKA_DATA\ocr\frames\ocr_pub_007_ocr_pub_007_001_agent_icon_f002950.jpg,agent_icon,EN,1080p,,agent_vivian,,,,,
frame-ocr_pub_007-ocr_pub_007_001-agent_icon-003400,D:\IKA_DATA\ocr\frames\ocr_pub_007_ocr_pub_007_001_agent_icon_f003400.jpg,agent_icon,EN,1080p,,agent_vivian,,,,,
frame-ocr_pub_007-ocr_pub_007_001-agent_icon-003550,D:\IKA_DATA\ocr\frames\ocr_pub_007_ocr_pub_007_001_agent_icon_f003550.jpg,agent_icon,EN,1080p,,agent_vivian,,,,,
frame-ocr_pub_007-ocr_pub_007_001-agent_icon-004050,D:\IKA_DATA\ocr\frames\ocr_pub_007_ocr_pub_007_001_agent_icon_f004050.jpg,agent_icon,EN,1080p,,agent_lycaon,,,,,
frame-ocr_pub_008-ocr_pub_008_001-agent_icon-002300,D:\IKA_DATA\ocr\frames\ocr_pub_008_ocr_pub_008_001_agent_icon_f002300.jpg,agent_icon,EN,1080p,,agent_vivian,,,,,
frame-ocr_pub_008-ocr_pub_008_001-agent_icon-002700,D:\IKA_DATA\ocr\frames\ocr_pub_008_ocr_pub_008_001_agent_icon_f002700.jpg,agent_icon,EN,1080p,,agent_lycaon,,,,,
frame-ocr_pub_008-ocr_pub_008_001-agent_icon-003050,D:\IKA_DATA\ocr\frames\ocr_pub_008_ocr_pub_008_001_agent_icon_f003050.jpg,agent_icon,EN,1080p,,agent_vivian,,,,,
frame-ocr_pub_008-ocr_pub_008_001-agent_icon-003900,D:\IKA_DATA\ocr\frames\ocr_pub_008_ocr_pub_008_001_agent_icon_f003900.jpg,agent_icon,EN,1080p,,agent_vivian,,,,,
frame-ocr_pub_008-ocr_pub_008_001-agent_icon-004400,D:\IKA_DATA\ocr\frames\ocr_pub_008_ocr_pub_008_001_agent_icon_f004400.jpg,agent_icon,EN,1080p,,agent_vivian,,,,,
frame-ocr_pub_001-ocr_pub_001_001-agent_icon-000615,D:\IKA_DATA\ocr\frames\ocr_pub_001_ocr_pub_001_001_agent_icon_f000615.jpg,agent_icon,EN,1080p,,agent_vivian,,,,,
frame-ocr_pub_001-ocr_pub_001_001-agent_icon-004515,D:\IKA_DATA\ocr\frames\ocr_pub_001_ocr_pub_001_001_agent_icon_f004515.jpg,agent_icon,EN,1080p,,agent_lycaon,,,,,
frame-ocr_pub_001-ocr_pub_001_001-agent_icon-004995,D:\IKA_DATA\ocr\frames\ocr_pub_001_ocr_pub_001_001_agent_icon_f004995.jpg,agent_icon,EN,1080p,,agent_lycaon,,,,,
frame-ocr_pub_001-ocr_pub_001_001-agent_icon-005010,D:\IKA_DATA\ocr\frames\ocr_pub_001_ocr_pub_001_001_agent_icon_f005010.jpg,agent_icon,EN,1080p,,agent_lycaon,,,,,
frame-ocr_pub_002-ocr_pub_002_001-agent_icon-000090,D:\IKA_DATA\ocr\frames\ocr_pub_002_ocr_pub_002_001_agent_icon_f000090.jpg,agent_icon,EN,1080p,,agent_koleda,,,,,
frame-ocr_pub_002-ocr_pub_002_001-agent_icon-000495,D:\IKA_DATA\ocr\frames\ocr_pub_002_ocr_pub_002_001_agent_icon_f000495.jpg,agent_icon,EN,1080p,,agent_anby,,,,,
frame-ocr_pub_002-ocr_pub_002_001-agent_icon-002415,D:\IKA_DATA\ocr\frames\ocr_pub_002_ocr_pub_002_001_agent_icon_f002415.jpg,agent_icon,EN,1080p,,agent_vivian,,,,,
frame-ocr_pub_002-ocr_pub_002_001-agent_icon-003960,D:\IKA_DATA\ocr\frames\ocr_pub_002_ocr_pub_002_001_agent_icon_f003960.jpg,agent_icon,EN,1080p,,agent_vivian,,,,,
frame-ocr_pub_002-ocr_pub_002_001-agent_icon-004080,D:\IKA_DATA\ocr\frames\ocr_pub_002_ocr_pub_002_001_agent_icon_f004080.jpg,agent_icon,EN,1080p,,agent_vivian,,,,,
frame-ocr_pub_002-ocr_pub_002_001-agent_icon-004140,D:\IKA_DATA\ocr\frames\ocr_pub_002_ocr_pub_002_001_agent_icon_f004140.jpg,agent_icon,EN,1080p,,agent_lycaon,,,,,
frame-ocr_pub_002-ocr_pub_002_001-agent_icon-004470,D:\IKA_DATA\ocr\frames\ocr_pub_002_ocr_pub_002_001_agent_icon_f004470.jpg,agent_icon,EN,1080p,,agent_vivian,,,,,
frame-ocr_pub_002-ocr_pub_002_001-agent_icon-005940,D:\IKA_DATA\ocr\frames\ocr_pub_002_ocr_pub_002_001_agent_icon_f005940.jpg,agent_icon,EN,1080p,,agent_lycaon,,,,,
frame-ocr_pub_002-ocr_pub_002_001-agent_icon-005955,D:\IKA_DATA\ocr\frames\ocr_pub_002_ocr_pub_002_001_agent_icon_f005955.jpg,agent_icon,EN,1080p,,agent_lycaon,,,,,
frame-ocr_pub_003-ocr_pub_003_001-agent_icon-000630,D:\IKA_DATA\ocr\frames\ocr_pub_003_ocr_pub_003_001_agent_icon_f000630.jpg,agent_icon,EN,1440p,,agent_vivian,,,,,
frame-ocr_pub_003-ocr_pub_003_001-agent_icon-000990,D:\IKA_DATA\ocr\frames\ocr_pub_003_ocr_pub_003_001_agent_icon_f000990.jpg,agent_icon,EN,1440p,,agent_lycaon,,,,,
frame-ocr_pub_003-ocr_pub_003_001-agent_icon-001560,D:\IKA_DATA\ocr\frames\ocr_pub_003_ocr_pub_003_001_agent_icon_f001560.jpg,agent_icon,EN,1440p,,agent_lycaon,,,,,
frame-ocr_pub_003-ocr_pub_003_001-agent_icon-001725,D:\IKA_DATA\ocr\frames\ocr_pub_003_ocr_pub_003_001_agent_icon_f001725.jpg,agent_icon,EN,1440p,,agent_vivian,,,,,
frame-ocr_pub_003-ocr_pub_003_001-agent_icon-001770,D:\IKA_DATA\ocr\frames\ocr_pub_003_ocr_pub_003_001_agent_icon_f001770.jpg,agent_icon,EN,1440p,,agent_lycaon,,,,,
frame-ocr_pub_003-ocr_pub_003_001-agent_icon-001845,D:\IKA_DATA\ocr\frames\ocr_pub_003_ocr_pub_003_001_agent_icon_f001845.jpg,agent_icon,EN,1440p,,agent_vivian,,,,,
frame-ocr_pub_003-ocr_pub_003_001-agent_icon-002250,D:\IKA_DATA\ocr\frames\ocr_pub_003_ocr_pub_003_001_agent_icon_f002250.jpg,agent_icon,EN,1440p,,agent_vivian,,,,,
frame-ocr_pub_003-ocr_pub_003_001-agent_icon-002460,D:\IKA_DATA\ocr\frames\ocr_pub_003_ocr_pub_003_001_agent_icon_f002460.jpg,agent_icon,EN,1440p,,agent_vivian,,,,,
frame-ocr_pub_003-ocr_pub_003_001-agent_icon-002640,D:\IKA_DATA\ocr\frames\ocr_pub_003_ocr_pub_003_001_agent_icon_f002640.jpg,agent_icon,EN,1440p,,agent_vivian,,,,,
frame-ocr_pub_003-ocr_pub_003_001-agent_icon-003165,D:\IKA_DATA\ocr\frames\ocr_pub_003_ocr_pub_003_001_agent_icon_f003165.jpg,agent_icon,EN,1440p,,agent_vivian,,,,,
frame-ocr_pub_003-ocr_pub_003_001-agent_icon-003270,D:\IKA_DATA\ocr\frames\ocr_pub_003_ocr_pub_003_001_agent_icon_f003270.jpg,agent_icon,EN,1440p,,agent_lycaon,,,,,
frame-ocr_pub_003-ocr_pub_003_001-agent_icon-006225,D:\IKA_DATA\ocr\frames\ocr_pub_003_ocr_pub_003_001_agent_icon_f006225.jpg,agent_icon,EN,1440p,,agent_vivian,,,,,
frame-ocr_pub_003-ocr_pub_003_001-agent_icon-007065,D:\IKA_DATA\ocr\frames\ocr_pub_003_ocr_pub_003_001_agent_icon_f007065.jpg,agent_icon,EN,1440p,,agent_lycaon,,,,,
frame-ocr_pub_003-ocr_pub_003_001-agent_icon-007170,D:\IKA_DATA\ocr\frames\ocr_pub_003_ocr_pub_003_001_agent_icon_f007170.jpg,agent_icon,EN,1440p,,agent_vivian,,,,,
frame-ocr_pub_003-ocr_pub_003_001-agent_icon-007245,D:\IKA_DATA\ocr\frames\ocr_pub_003_ocr_pub_003_001_agent_icon_f007245.jpg,agent_icon,EN,1440p,,agent_lycaon,,,,,
frame-ocr_pub_003-ocr_pub_003_001-agent_icon-007395,D:\IKA_DATA\ocr\frames\ocr_pub_003_ocr_pub_003_001_agent_icon_f007395.jpg,agent_icon,EN,1440p,,agent_vivian,,,,,
frame-ocr_pub_004-ocr_pub_004_001-agent_icon-001200,D:\IKA_DATA\ocr\frames\ocr_pub_004_ocr_pub_004_001_agent_icon_f001200.jpg,agent_icon,RU,1080p,,agent_lycaon,,,,,
frame-ocr_pub_004-ocr_pub_004_001-agent_icon-001515,D:\IKA_DATA\ocr\frames\ocr_pub_004_ocr_pub_004_001_agent_icon_f001515.jpg,agent_icon,RU,1080p,,agent_vivian,,,,,
frame-ocr_pub_004-ocr_pub_004_001-agent_icon-001560,D:\IKA_DATA\ocr\frames\ocr_pub_004_ocr_pub_004_001_agent_icon_f001560.jpg,agent_icon,RU,1080p,,agent_vivian,,,,,
frame-ocr_pub_004-ocr_pub_004_001-agent_icon-001620,D:\IKA_DATA\ocr\frames\ocr_pub_004_ocr_pub_004_001_agent_icon_f001620.jpg,agent_icon,RU,1080p,,agent_vivian,,,,,
frame-ocr_pub_004-ocr_pub_004_001-agent_icon-001725,D:\IKA_DATA\ocr\frames\ocr_pub_004_ocr_pub_004_001_agent_icon_f001725.jpg,agent_icon,RU,1080p,,agent_vivian,,,,,
frame-ocr_pub_004-ocr_pub_004_001-agent_icon-002595,D:\IKA_DATA\ocr\frames\ocr_pub_004_ocr_pub_004_001_agent_icon_f002595.jpg,agent_icon,RU,1080p,,agent_lycaon,,,,,
frame-ocr_pub_004-ocr_pub_004_001-agent_icon-002685,D:\IKA_DATA\ocr\frames\ocr_pub_004_ocr_pub_004_001_agent_icon_f002685.jpg,agent_icon,RU,1080p,,agent_vivian,,,,,
frame-ocr_pub_004-ocr_pub_004_001-agent_icon-002820,D:\IKA_DATA\ocr\frames\ocr_pub_004_ocr_pub_004_001_agent_icon_f002820.jpg,agent_icon,RU,1080p,,agent_vivian,,,,,
frame-ocr_pub_004-ocr_pub_004_001-agent_icon-002865,D:\IKA_DATA\ocr\frames\ocr_pub_004_ocr_pub_004_001_agent_icon_f002865.jpg,agent_icon,RU,1080p,,agent_lycaon,,,,,
frame-ocr_pub_004-ocr_pub_004_001-agent_icon-002940,D:\IKA_DATA\ocr\frames\ocr_pub_004_ocr_pub_004_001_agent_icon_f002940.jpg,agent_icon,RU,1080p,,agent_lycaon,,,,,
frame-ocr_pub_004-ocr_pub_004_001-agent_icon-003165,D:\IKA_DATA\ocr\frames\ocr_pub_004_ocr_pub_004_001_agent_icon_f003165.jpg,agent_icon,RU,1080p,,agent_lycaon,,,,,
frame-ocr_pub_004-ocr_pub_004_001-agent_icon-003210,D:\IKA_DATA\ocr\frames\ocr_pub_004_ocr_pub_004_001_agent_icon_f003210.jpg,agent_icon,RU,1080p,,agent_lycaon,,,,,
frame-ocr_pub_004-ocr_pub_004_001-agent_icon-003285,D:\IKA_DATA\ocr\frames\ocr_pub_004_ocr_pub_004_001_agent_icon_f003285.jpg,agent_icon,RU,1080p,,agent_lycaon,,,,,
frame-ocr_pub_004-ocr_pub_004_001-agent_icon-003345,D:\IKA_DATA\ocr\frames\ocr_pub_004_ocr_pub_004_001_agent_icon_f003345.jpg,agent_icon,RU,1080p,,agent_lycaon,,,,,
frame-ocr_pub_004-ocr_pub_004_001-agent_icon-003645,D:\IKA_DATA\ocr\frames\ocr_pub_004_ocr_pub_004_001_agent_icon_f003645.jpg,agent_icon,RU,1080p,,agent_lycaon,,,,,
frame-ocr_pub_004-ocr_pub_004_001-agent_icon-003705,D:\IKA_DATA\ocr\frames\ocr_pub_004_ocr_pub_004_001_agent_icon_f003705.jpg,agent_icon,RU,1080p,,agent_lycaon,,,,,
frame-ocr_pub_004-ocr_pub_004_001-agent_icon-003810,D:\IKA_DATA\ocr\frames\ocr_pub_004_ocr_pub_004_001_agent_icon_f003810.jpg,agent_icon,RU,1080p,,agent_vivian,,,,,
frame-ocr_pub_004-ocr_pub_004_001-agent_icon-004125,D:\IKA_DATA\ocr\frames\ocr_pub_004_ocr_pub_004_001_agent_icon_f004125.jpg,agent_icon,RU,1080p,,agent_lycaon,,,,,
frame-ocr_pub_004-ocr_pub_004_001-agent_icon-004155,D:\IKA_DATA\ocr\frames\ocr_pub_004_ocr_pub_004_001_agent_icon_f004155.jpg,agent_icon,RU,1080p,,agent_lycaon,,,,,
frame-ocr_pub_004-ocr_pub_004_001-agent_icon-004500,D:\IKA_DATA\ocr\frames\ocr_pub_004_ocr_pub_004_001_agent_icon_f004500.jpg,agent_icon,RU,1080p,,agent_vivian,,,,,
frame-ocr_pub_004-ocr_pub_004_001-agent_icon-004560,D:\IKA_DATA\ocr\frames\ocr_pub_004_ocr_pub_004_001_agent_icon_f004560.jpg,agent_icon,RU,1080p,,agent_vivian,,,,,
frame-ocr_pub_004-ocr_pub_004_001-agent_icon-004575,D:\IKA_DATA\ocr\frames\ocr_pub_004_ocr_pub_004_001_agent_icon_f004575.jpg,agent_icon,RU,1080p,,agent_vivian,,,,,
frame-ocr_pub_004-ocr_pub_004_001-agent_icon-004920,D:\IKA_DATA\ocr\frames\ocr_pub_004_ocr_pub_004_001_agent_icon_f004920.jpg,agent_icon,RU,1080p,,agent_vivian,,,,,
frame-ocr_pub_004-ocr_pub_004_001-agent_icon-005175,D:\IKA_DATA\ocr\frames\ocr_pub_004_ocr_pub_004_001_agent_icon_f005175.jpg,agent_icon,RU,1080p,,agent_koleda,,,,,
frame-ocr_pub_004-ocr_pub_004_001-agent_icon-005220,D:\IKA_DATA\ocr\frames\ocr_pub_004_ocr_pub_004_001_agent_icon_f005220.jpg,agent_icon,RU,1080p,,agent_lycaon,,,,,
frame-ocr_pub_004-ocr_pub_004_001-agent_icon-005295,D:\IKA_DATA\ocr\frames\ocr_pub_004_ocr_pub_004_001_agent_icon_f005295.jpg,agent_icon,RU,1080p,,agent_vivian,,,,,
frame-ocr_pub_004-ocr_pub_004_001-agent_icon-005640,D:\IKA_DATA\ocr\frames\ocr_pub_004_ocr_pub_004_001_agent_icon_f005640.jpg,agent_icon,RU,1080p,,agent_vivian,,,,,
frame-ocr_pub_004-ocr_pub_004_001-agent_icon-005685,D:\IKA_DATA\ocr\frames\ocr_pub_004_ocr_pub_004_001_agent_icon_f005685.jpg,agent_icon,RU,1080p,,agent_vivian,,,,,
frame-ocr_pub_004-ocr_pub_004_001-agent_icon-006285,D:\IKA_DATA\ocr\frames\ocr_pub_004_ocr_pub_004_001_agent_icon_f006285.jpg,agent_icon,RU,1080p,,agent_lycaon,,,,,
frame-ocr_pub_004-ocr_pub_004_001-agent_icon-006660,D:\IKA_DATA\ocr\frames\ocr_pub_004_ocr_pub_004_001_agent_icon_f006660.jpg,agent_icon,RU,1080p,,agent_vivian,,,,,
frame-ocr_pub_004-ocr_pub_004_001-agent_icon-006675,D:\IKA_DATA\ocr\frames\ocr_pub_004_ocr_pub_004_001_agent_icon_f006675.jpg,agent_icon,RU,1080p,,agent_lycaon,,,,,
frame-ocr_pub_004-ocr_pub_004_001-agent_icon-006825,D:\IKA_DATA\ocr\frames\ocr_pub_004_ocr_pub_004_001_agent_icon_f006825.jpg,agent_icon,RU,1080p,,agent_lycaon,,,,,
frame-ocr_pub_004-ocr_pub_004_001-agent_icon-007695,D:\IKA_DATA\ocr\frames\ocr_pub_004_ocr_pub_004_001_agent_icon_f007695.jpg,agent_icon,RU,1080p,,agent_vivian,,,,,
frame-ocr_pub_004-ocr_pub_004_001-agent_icon-007755,D:\IKA_DATA\ocr\frames\ocr_pub_004_ocr_pub_004_001_agent_icon_f007755.jpg,agent_icon,RU,1080p,,agent_vivian,,,,,
frame-ocr_pub_004-ocr_pub_004_001-agent_icon-008220,D:\IKA_DATA\ocr\frames\ocr_pub_004_ocr_pub_004_001_agent_icon_f008220.jpg,agent_icon,RU,1080p,,agent_vivian,,,,,
frame-ocr_pub_004-ocr_pub_004_001-agent_icon-008250,D:\IKA_DATA\ocr\frames\ocr_pub_004_ocr_pub_004_001_agent_icon_f008250.jpg,agent_icon,RU,1080p,,agent_vivian,,,,,
frame-ocr_pub_004-ocr_pub_004_001-agent_icon-008490,D:\IKA_DATA\ocr\frames\ocr_pub_004_ocr_pub_004_001_agent_icon_f008490.jpg,agent_icon,RU,1080p,,agent_vivian,,,,,
frame-ocr_pub_004-ocr_pub_004_001-agent_icon-008625,D:\IKA_DATA\ocr\frames\ocr_pub_004_ocr_pub_004_001_agent_icon_f008625.jpg,agent_icon,RU,1080p,,agent_vivian,,,,,
frame-ocr_pub_004-ocr_pub_004_001-agent_icon-009450,D:\IKA_DATA\ocr\frames\ocr_pub_004_ocr_pub_004_001_agent_icon_f009450.jpg,agent_icon,RU,1080p,,agent_lycaon,,,,,
frame-ocr_pub_005-ocr_pub_005_001-agent_icon-001065,D:\IKA_DATA\ocr\frames\ocr_pub_005_ocr_pub_005_001_agent_icon_f001065.jpg,agent_icon,RU,1080p,,agent_vivian,,,,,
frame-ocr_pub_005-ocr_pub_005_001-agent_icon-002340,D:\IKA_DATA\ocr\frames\ocr_pub_005_ocr_pub_005_001_agent_icon_f002340.jpg,agent_icon,RU,1080p,,agent_vivian,,,,,
frame-ocr_pub_005-ocr_pub_005_001-agent_icon-003345,D:\IKA_DATA\ocr\frames\ocr_pub_005_ocr_pub_005_001_agent_icon_f003345.jpg,agent_icon,RU,1080p,,agent_vivian,,,,,
frame-ocr_pub_005-ocr_pub_005_001-agent_icon-004470,D:\IKA_DATA\ocr\frames\ocr_pub_005_ocr_pub_005_001_agent_icon_f004470.jpg,agent_icon,RU,1080p,,agent_vivian,,,,,
frame-ocr_pub_005-ocr_pub_005_001-agent_icon-004485,D:\IKA_DATA\ocr\frames\ocr_pub_005_ocr_pub_005_001_agent_icon_f004485.jpg,agent_icon,RU,1080p,,agent_vivian,,,,,
frame-ocr_pub_005-ocr_pub_005_001-agent_icon-004500,D:\IKA_DATA\ocr\frames\ocr_pub_005_ocr_pub_005_001_agent_icon_f004500.jpg,agent_icon,RU,1080p,,agent_lycaon,,,,,
frame-ocr_pub_005-ocr_pub_005_001-agent_icon-004560,D:\IKA_DATA\ocr\frames\ocr_pub_005_ocr_pub_005_001_agent_icon_f004560.jpg,agent_icon,RU,1080p,,agent_lycaon,,,,,
frame-ocr_pub_005-ocr_pub_005_001-agent_icon-004755,D:\IKA_DATA\ocr\frames\ocr_pub_005_ocr_pub_005_001_agent_icon_f004755.jpg,agent_icon,RU,1080p,,agent_lycaon,,,,,
frame-ocr_pub_005-ocr_pub_005_001-agent_icon-004770,D:\IKA_DATA\ocr\frames\ocr_pub_005_ocr_pub_005_001_agent_icon_f004770.jpg,agent_icon,RU,1080p,,agent_lycaon,,,,,
frame-ocr_pub_005-ocr_pub_005_001-agent_icon-004815,D:\IKA_DATA\ocr\frames\ocr_pub_005_ocr_pub_005_001_agent_icon_f004815.jpg,agent_icon,RU,1080p,,agent_lycaon,,,,,
frame-ocr_pub_005-ocr_pub_005_001-agent_icon-004860,D:\IKA_DATA\ocr\frames\ocr_pub_005_ocr_pub_005_001_agent_icon_f004860.jpg,agent_icon,RU,1080p,,agent_vivian,,,,,
frame-ocr_pub_005-ocr_pub_005_001-agent_icon-004905,D:\IKA_DATA\ocr\frames\ocr_pub_005_ocr_pub_005_001_agent_icon_f004905.jpg,agent_icon,RU,1080p,,agent_vivian,,,,,
frame-ocr_pub_005-ocr_pub_005_001-agent_icon-004965,D:\IKA_DATA\ocr\frames\ocr_pub_005_ocr_pub_005_001_agent_icon_f004965.jpg,agent_icon,RU,1080p,,agent_vivian,,,,,
frame-ocr_pub_005-ocr_pub_005_001-agent_icon-005265,D:\IKA_DATA\ocr\frames\ocr_pub_005_ocr_pub_005_001_agent_icon_f005265.jpg,agent_icon,RU,1080p,,agent_vivian,,,,,
frame-ocr_pub_005-ocr_pub_005_001-agent_icon-005355,D:\IKA_DATA\ocr\frames\ocr_pub_005_ocr_pub_005_001_agent_icon_f005355.jpg,agent_icon,RU,1080p,,agent_lycaon,,,,,
frame-ocr_pub_005-ocr_pub_005_001-agent_icon-005385,D:\IKA_DATA\ocr\frames\ocr_pub_005_ocr_pub_005_001_agent_icon_f005385.jpg,agent_icon,RU,1080p,,agent_lycaon,,,,,
frame-ocr_pub_005-ocr_pub_005_001-agent_icon-005760,D:\IKA_DATA\ocr\frames\ocr_pub_005_ocr_pub_005_001_agent_icon_f005760.jpg,agent_icon,RU,1080p,,agent_vivian,,,,,
frame-ocr_pub_005-ocr_pub_005_001-agent_icon-006705,D:\IKA_DATA\ocr\frames\ocr_pub_005_ocr_pub_005_001_agent_icon_f006705.jpg,agent_icon,RU,1080p,,agent_lycaon,,,,,
frame-ocr_pub_006-ocr_pub_006_001-agent_icon-003510,D:\IKA_DATA\ocr\frames\ocr_pub_006_ocr_pub_006_001_agent_icon_f003510.jpg,agent_icon,EN,1080p,,agent_vivian,,,,,
frame-ocr_pub_006-ocr_pub_006_001-agent_icon-005670,D:\IKA_DATA\ocr\frames\ocr_pub_006_ocr_pub_006_001_agent_icon_f005670.jpg,agent_icon,EN,1080p,,agent_vivian,,,,,
frame-ocr_pub_007-ocr_pub_007_001-agent_icon-000630,D:\IKA_DATA\ocr\frames\ocr_pub_007_ocr_pub_007_001_agent_icon_f000630.jpg,agent_icon,EN,1080p,,agent_lycaon,,,,,
frame-ocr_pub_007-ocr_pub_007_001-agent_icon-001320,D:\IKA_DATA\ocr\frames\ocr_pub_007_ocr_pub_007_001_agent_icon_f001320.jpg,agent_icon,EN,1080p,,agent_vivian,,,,,
frame-ocr_pub_007-ocr_pub_007_001-agent_icon-002985,D:\IKA_DATA\ocr\frames\ocr_pub_007_ocr_pub_007_001_agent_icon_f002985.jpg,agent_icon,EN,1080p,,agent_vivian,,,,,
frame-ocr_pub_007-ocr_pub_007_001-agent_icon-003030,D:\IKA_DATA\ocr\frames\ocr_pub_007_ocr_pub_007_001_agent_icon_f003030.jpg,agent_icon,EN,1080p,,agent_vivian,,,,,
frame-ocr_pub_007-ocr_pub_007_001-agent_icon-003555,D:\IKA_DATA\ocr\frames\ocr_pub_007_ocr_pub_007_001_agent_icon_f003555.jpg,agent_icon,EN,1080p,,agent_vivian,,,,,
frame-ocr_pub_008-ocr_pub_008_001-agent_icon-002310,D:\IKA_DATA\ocr\frames\ocr_pub_008_ocr_pub_008_001_agent_icon_f002310.jpg,agent_icon,RU,1440p,,agent_vivian,,,,,
frame-ocr_pub_008-ocr_pub_008_001-agent_icon-002325,D:\IKA_DATA\ocr\frames\ocr_pub_008_ocr_pub_008_001_agent_icon_f002325.jpg,agent_icon,RU,1440p,,agent_lycaon,,,,,
frame-ocr_pub_008-ocr_pub_008_001-agent_icon-002685,D:\IKA_DATA\ocr\frames\ocr_pub_008_ocr_pub_008_001_agent_icon_f002685.jpg,agent_icon,RU,1440p,,agent_lycaon,,,,,
frame-ocr_pub_008-ocr_pub_008_001-agent_icon-003150,D:\IKA_DATA\ocr\frames\ocr_pub_008_ocr_pub_008_001_agent_icon_f003150.jpg,agent_icon,RU,1440p,,agent_lycaon,,,,,
frame-ocr_pub_008-ocr_pub_008_001-agent_icon-004425,D:\IKA_DATA\ocr\frames\ocr_pub_008_ocr_pub_008_001_agent_icon_f004425.jpg,agent_icon,RU,1440p,,agent_lycaon,,,,,
frame-ocr_pub_008-ocr_pub_008_001-agent_icon-004860,D:\IKA_DATA\ocr\frames\ocr_pub_008_ocr_pub_008_001_agent_icon_f004860.jpg,agent_icon,RU,1440p,,agent_koleda,,,,,
frame-ocr_pub_008-ocr_pub_008_001-agent_icon-005640,D:\IKA_DATA\ocr\frames\ocr_pub_008_ocr_pub_008_001_agent_icon_f005640.jpg,agent_icon,RU,1440p,,agent_vivian,,,,,
frame-ocr_pub_001-ocr_pub_001_001-equipment-000630,D:\IKA_DATA\ocr\frames\ocr_pub_001_ocr_pub_001_001_equipment_f000630.jpg,equipment,EN,1080p,,,unknown,unknown,unknown,,
frame-ocr_pub_001-ocr_pub_001_001-equipment-004530,D:\IKA_DATA\ocr\frames\ocr_pub_001_ocr_pub_001_001_equipment_f004530.jpg,equipment,EN,1080p,,,unknown,unknown,unknown,,
frame-ocr_pub_002-ocr_pub_002_001-equipment-000510,D:\IKA_DATA\ocr\frames\ocr_pub_002_ocr_pub_002_001_equipment_f000510.jpg,equipment,EN,1080p,,,unknown,unknown,unknown,,
frame-ocr_pub_002-ocr_pub_002_001-equipment-000960,D:\IKA_DATA\ocr\frames\ocr_pub_002_ocr_pub_002_001_equipment_f000960.jpg,equipment,EN,1080p,,,unknown,unknown,unknown,,
frame-ocr_pub_002-ocr_pub_002_001-equipment-000990,D:\IKA_DATA\ocr\frames\ocr_pub_002_ocr_pub_002_001_equipment_f000990.jpg,equipment,EN,1080p,,,unknown,unknown,unknown,,
frame-ocr_pub_002-ocr_pub_002_001-equipment-001290,D:\IKA_DATA\ocr\frames\ocr_pub_002_ocr_pub_002_001_equipment_f001290.jpg,equipment,EN,1080p,,,unknown,unknown,unknown,,
frame-ocr_pub_002-ocr_pub_002_001-equipment-004290,D:\IKA_DATA\ocr\frames\ocr_pub_002_ocr_pub_002_001_equipment_f004290.jpg,equipment,EN,1080p,,,unknown,unknown,unknown,,
frame-ocr_pub_002-ocr_pub_002_001-equipment-004530,D:\IKA_DATA\ocr\frames\ocr_pub_002_ocr_pub_002_001_equipment_f004530.jpg,equipment,EN,1080p,,,unknown,unknown,unknown,,
frame-ocr_pub_002-ocr_pub_002_001-equipment-005970,D:\IKA_DATA\ocr\frames\ocr_pub_002_ocr_pub_002_001_equipment_f005970.jpg,equipment,EN,1080p,,,unknown,unknown,unknown,,
frame-ocr_pub_003-ocr_pub_003_001-equipment-001650,D:\IKA_DATA\ocr\frames\ocr_pub_003_ocr_pub_003_001_equipment_f001650.jpg,equipment,EN,1440p,,,unknown,unknown,unknown,,
frame-ocr_pub_003-ocr_pub_003_001-equipment-001860,D:\IKA_DATA\ocr\frames\ocr_pub_003_ocr_pub_003_001_equipment_f001860.jpg,equipment,EN,1440p,,,unknown,unknown,unknown,,
frame-ocr_pub_003-ocr_pub_003_001-equipment-001920,D:\IKA_DATA\ocr\frames\ocr_pub_003_ocr_pub_003_001_equipment_f001920.jpg,equipment,EN,1440p,,,unknown,unknown,unknown,,
frame-ocr_pub_003-ocr_pub_003_001-equipment-002010,D:\IKA_DATA\ocr\frames\ocr_pub_003_ocr_pub_003_001_equipment_f002010.jpg,equipment,EN,1440p,,,unknown,unknown,unknown,,
frame-ocr_pub_003-ocr_pub_003_001-equipment-002040,D:\IKA_DATA\ocr\frames\ocr_pub_003_ocr_pub_003_001_equipment_f002040.jpg,equipment,EN,1440p,,,unknown,unknown,unknown,,
frame-ocr_pub_003-ocr_pub_003_001-equipment-002070,D:\IKA_DATA\ocr\frames\ocr_pub_003_ocr_pub_003_001_equipment_f002070.jpg,equipment,EN,1440p,,,unknown,unknown,unknown,,
frame-ocr_pub_003-ocr_pub_003_001-equipment-002310,D:\IKA_DATA\ocr\frames\ocr_pub_003_ocr_pub_003_001_equipment_f002310.jpg,equipment,EN,1440p,,,unknown,unknown,unknown,,
frame-ocr_pub_003-ocr_pub_003_001-equipment-002340,D:\IKA_DATA\ocr\frames\ocr_pub_003_ocr_pub_003_001_equipment_f002340.jpg,equipment,EN,1440p,,,unknown,unknown,unknown,,
frame-ocr_pub_003-ocr_pub_003_001-equipment-002670,D:\IKA_DATA\ocr\frames\ocr_pub_003_ocr_pub_003_001_equipment_f002670.jpg,equipment,EN,1440p,,,unknown,unknown,unknown,,
frame-ocr_pub_003-ocr_pub_003_001-equipment-002970,D:\IKA_DATA\ocr\frames\ocr_pub_003_ocr_pub_003_001_equipment_f002970.jpg,equipment,EN,1440p,,,unknown,unknown,unknown,,
frame-ocr_pub_003-ocr_pub_003_001-equipment-003360,D:\IKA_DATA\ocr\frames\ocr_pub_003_ocr_pub_003_001_equipment_f003360.jpg,equipment,EN,1440p,,,unknown,unknown,unknown,,
frame-ocr_pub_003-ocr_pub_003_001-equipment-003660,D:\IKA_DATA\ocr\frames\ocr_pub_003_ocr_pub_003_001_equipment_f003660.jpg,equipment,EN,1440p,,,unknown,unknown,unknown,,
frame-ocr_pub_003-ocr_pub_003_001-equipment-005400,D:\IKA_DATA\ocr\frames\ocr_pub_003_ocr_pub_003_001_equipment_f005400.jpg,equipment,EN,1440p,,,unknown,unknown,unknown,,
frame-ocr_pub_003-ocr_pub_003_001-equipment-005670,D:\IKA_DATA\ocr\frames\ocr_pub_003_ocr_pub_003_001_equipment_f005670.jpg,equipment,EN,1440p,,,unknown,unknown,unknown,,
frame-ocr_pub_003-ocr_pub_003_001-equipment-005760,D:\IKA_DATA\ocr\frames\ocr_pub_003_ocr_pub_003_001_equipment_f005760.jpg,equipment,EN,1440p,,,unknown,unknown,unknown,,
frame-ocr_pub_003-ocr_pub_003_001-equipment-005790,D:\IKA_DATA\ocr\frames\ocr_pub_003_ocr_pub_003_001_equipment_f005790.jpg,equipment,EN,1440p,,,unknown,unknown,unknown,,
frame-ocr_pub_003-ocr_pub_003_001-equipment-005850,D:\IKA_DATA\ocr\frames\ocr_pub_003_ocr_pub_003_001_equipment_f005850.jpg,equipment,EN,1440p,,,unknown,unknown,unknown,,
frame-ocr_pub_003-ocr_pub_003_001-equipment-006240,D:\IKA_DATA\ocr\frames\ocr_pub_003_ocr_pub_003_001_equipment_f006240.jpg,equipment,EN,1440p,,,unknown,unknown,unknown,,
frame-ocr_pub_003-ocr_pub_003_001-equipment-006330,D:\IKA_DATA\ocr\frames\ocr_pub_003_ocr_pub_003_001_equipment_f006330.jpg,equipment,EN,1440p,,,unknown,unknown,unknown,,
frame-ocr_pub_003-ocr_pub_003_001-equipment-006720,D:\IKA_DATA\ocr\frames\ocr_pub_003_ocr_pub_003_001_equipment_f006720.jpg,equipment,EN,1440p,,,unknown,unknown,unknown,,
frame-ocr_pub_003-ocr_pub_003_001-equipment-007080,D:\IKA_DATA\ocr\frames\ocr_pub_003_ocr_pub_003_001_equipment_f007080.jpg,equipment,EN,1440p,,,unknown,unknown,unknown,,
frame-ocr_pub_003-ocr_pub_003_001-equipment-007140,D:\IKA_DATA\ocr\frames\ocr_pub_003_ocr_pub_003_001_equipment_f007140.jpg,equipment,EN,1440p,,,unknown,unknown,unknown,,
frame-ocr_pub_003-ocr_pub_003_001-equipment-007260,D:\IKA_DATA\ocr\frames\ocr_pub_003_ocr_pub_003_001_equipment_f007260.jpg,equipment,EN,1440p,,,unknown,unknown,unknown,,
frame-ocr_pub_003-ocr_pub_003_001-equipment-007410,D:\IKA_DATA\ocr\frames\ocr_pub_003_ocr_pub_003_001_equipment_f007410.jpg,equipment,EN,1440p,,,unknown,unknown,unknown,,
frame-ocr_pub_004-ocr_pub_004_001-equipment-000060,D:\IKA_DATA\ocr\frames\ocr_pub_004_ocr_pub_004_001_equipment_f000060.jpg,equipment,RU,1080p,,,unknown,unknown,unknown,,
frame-ocr_pub_004-ocr_pub_004_001-equipment-000180,D:\IKA_DATA\ocr\frames\ocr_pub_004_ocr_pub_004_001_equipment_f000180.jpg,equipment,RU,1080p,,,unknown,unknown,unknown,,
frame-ocr_pub_004-ocr_pub_004_001-equipment-000330,D:\IKA_DATA\ocr\frames\ocr_pub_004_ocr_pub_004_001_equipment_f000330.jpg,equipment,RU,1080p,,,unknown,unknown,unknown,,
frame-ocr_pub_004-ocr_pub_004_001-equipment-001710,D:\IKA_DATA\ocr\frames\ocr_pub_004_ocr_pub_004_001_equipment_f001710.jpg,equipment,RU,1080p,,,unknown,unknown,unknown,,
frame-ocr_pub_004-ocr_pub_004_001-equipment-002610,D:\IKA_DATA\ocr\frames\ocr_pub_004_ocr_pub_004_001_equipment_f002610.jpg,equipment,RU,1080p,,,unknown,unknown,unknown,,
frame-ocr_pub_004-ocr_pub_004_001-equipment-002640,D:\IKA_DATA\ocr\frames\ocr_pub_004_ocr_pub_004_001_equipment_f002640.jpg,equipment,RU,1080p,,,unknown,unknown,unknown,,
frame-ocr_pub_004-ocr_pub_004_001-equipment-002670,D:\IKA_DATA\ocr\frames\ocr_pub_004_ocr_pub_004_001_equipment_f002670.jpg,equipment,RU,1080p,,,unknown,unknown,unknown,,
frame-ocr_pub_004-ocr_pub_004_001-equipment-002880,D:\IKA_DATA\ocr\frames\ocr_pub_004_ocr_pub_004_001_equipment_f002880.jpg,equipment,RU,1080p,,,unknown,unknown,unknown,,
frame-ocr_pub_004-ocr_pub_004_001-equipment-003180,D:\IKA_DATA\ocr\frames\ocr_pub_004_ocr_pub_004_001_equipment_f003180.jpg,equipment,RU,1080p,,,unknown,unknown,unknown,,
frame-ocr_pub_004-ocr_pub_004_001-equipment-003330,D:\IKA_DATA\ocr\frames\ocr_pub_004_ocr_pub_004_001_equipment_f003330.jpg,equipment,RU,1080p,,,unknown,unknown,unknown,,
frame-ocr_pub_004-ocr_pub_004_001-equipment-003570,D:\IKA_DATA\ocr\frames\ocr_pub_004_ocr_pub_004_001_equipment_f003570.jpg,equipment,RU,1080p,,,unknown,unknown,unknown,,
frame-ocr_pub_004-ocr_pub_004_001-equipment-003660,D:\IKA_DATA\ocr\frames\ocr_pub_004_ocr_pub_004_001_equipment_f003660.jpg,equipment,RU,1080p,,,unknown,unknown,unknown,,
frame-ocr_pub_004-ocr_pub_004_001-equipment-003690,D:\IKA_DATA\ocr\frames\ocr_pub_004_ocr_pub_004_001_equipment_f003690.jpg,equipment,RU,1080p,,,unknown,unknown,unknown,,
frame-ocr_pub_004-ocr_pub_004_001-equipment-003870,D:\IKA_DATA\ocr\frames\ocr_pub_004_ocr_pub_004_001_equipment_f003870.jpg,equipment,RU,1080p,,,unknown,unknown,unknown,,
frame-ocr_pub_004-ocr_pub_004_001-equipment-004140,D:\IKA_DATA\ocr\frames\ocr_pub_004_ocr_pub_004_001_equipment_f004140.jpg,equipment,RU,1080p,,,unknown,unknown,unknown,,
frame-ocr_pub_004-ocr_pub_004_001-equipment-004170,D:\IKA_DATA\ocr\frames\ocr_pub_004_ocr_pub_004_001_equipment_f004170.jpg,equipment,RU,1080p,,,unknown,unknown,unknown,,
frame-ocr_pub_004-ocr_pub_004_001-equipment-004470,D:\IKA_DATA\ocr\frames\ocr_pub_004_ocr_pub_004_001_equipment_f004470.jpg,equipment,RU,1080p,,,unknown,unknown,unknown,,
frame-ocr_pub_004-ocr_pub_004_001-equipment-004590,D:\IKA_DATA\ocr\frames\ocr_pub_004_ocr_pub_004_001_equipment_f004590.jpg,equipment,RU,1080p,,,unknown,unknown,unknown,,
frame-ocr_pub_004-ocr_pub_004_001-equipment-004620,D:\IKA_DATA\ocr\frames\ocr_pub_004_ocr_pub_004_001_equipment_f004620.jpg,equipment,RU,1080p,,,unknown,unknown,unknown,,
frame-ocr_pub_004-ocr_pub_004_001-equipment-004680,D:\IKA_DATA\ocr\frames\ocr_pub_004_ocr_pub_004_001_equipment_f004680.jpg,equipment,RU,1080p,,,unknown,unknown,unknown,,
frame-ocr_pub_004-ocr_pub_004_001-equipment-004830,D:\IKA_DATA\ocr\frames\ocr_pub_004_ocr_pub_004_001_equipment_f004830.jpg,equipment,RU,1080p,,,unknown,unknown,unknown,,
frame-ocr_pub_004-ocr_pub_004_001-equipment-004860,D:\IKA_DATA\ocr\frames\ocr_pub_004_ocr_pub_004_001_equipment_f004860.jpg,equipment,RU,1080p,,,unknown,unknown,unknown,,
frame-ocr_pub_004-ocr_pub_004_001-equipment-004890,D:\IKA_DATA\ocr\frames\ocr_pub_004_ocr_pub_004_001_equipment_f004890.jpg,equipment,RU,1080p,,,unknown,unknown,unknown,,
frame-ocr_pub_004-ocr_pub_004_001-equipment-005190,D:\IKA_DATA\ocr\frames\ocr_pub_004_ocr_pub_004_001_equipment_f005190.jpg,equipment,RU,1080p,,,unknown,unknown,unknown,,
frame-ocr_pub_004-ocr_pub_004_001-equipment-005280,D:\IKA_DATA\ocr\frames\ocr_pub_004_ocr_pub_004_001_equipment_f005280.jpg,equipment,RU,1080p,,,unknown,unknown,unknown,,
frame-ocr_pub_004-ocr_pub_004_001-equipment-005670,D:\IKA_DATA\ocr\frames\ocr_pub_004_ocr_pub_004_001_equipment_f005670.jpg,equipment,RU,1080p,,,unknown,unknown,unknown,,
frame-ocr_pub_004-ocr_pub_004_001-equipment-005760,D:\IKA_DATA\ocr\frames\ocr_pub_004_ocr_pub_004_001_equipment_f005760.jpg,equipment,RU,1080p,,,unknown,unknown,unknown,,
frame-ocr_pub_004-ocr_pub_004_001-equipment-005820,D:\IKA_DATA\ocr\frames\ocr_pub_004_ocr_pub_004_001_equipment_f005820.jpg,equipment,RU,1080p,,,unknown,unknown,unknown,,
frame-ocr_pub_004-ocr_pub_004_001-equipment-005970,D:\IKA_DATA\ocr\frames\ocr_pub_004_ocr_pub_004_001_equipment_f005970.jpg,equipment,RU,1080p,,,unknown,unknown,unknown,,
frame-ocr_pub_004-ocr_pub_004_001-equipment-006210,D:\IKA_DATA\ocr\frames\ocr_pub_004_ocr_pub_004_001_equipment_f006210.jpg,equipment,RU,1080p,,,unknown,unknown,unknown,,
frame-ocr_pub_004-ocr_pub_004_001-equipment-006360,D:\IKA_DATA\ocr\frames\ocr_pub_004_ocr_pub_004_001_equipment_f006360.jpg,equipment,RU,1080p,,,unknown,unknown,unknown,,
frame-ocr_pub_004-ocr_pub_004_001-equipment-006690,D:\IKA_DATA\ocr\frames\ocr_pub_004_ocr_pub_004_001_equipment_f006690.jpg,equipment,RU,1080p,,,unknown,unknown,unknown,,
frame-ocr_pub_004-ocr_pub_004_001-equipment-006750,D:\IKA_DATA\ocr\frames\ocr_pub_004_ocr_pub_004_001_equipment_f006750.jpg,equipment,RU,1080p,,,unknown,unknown,unknown,,
frame-ocr_pub_004-ocr_pub_004_001-equipment-006810,D:\IKA_DATA\ocr\frames\ocr_pub_004_ocr_pub_004_001_equipment_f006810.jpg,equipment,RU,1080p,,,unknown,unknown,unknown,,
frame-ocr_pub_004-ocr_pub_004_001-equipment-006840,D:\IKA_DATA\ocr\frames\ocr_pub_004_ocr_pub_004_001_equipment_f006840.jpg,equipment,RU,1080p,,,unknown,unknown,unknown,,
frame-ocr_pub_004-ocr_pub_004_001-equipment-007380,D:\IKA_DATA\ocr\frames\ocr_pub_004_ocr_pub_004_001_equipment_f007380.jpg,equipment,RU,1080p,,,unknown,unknown,unknown,,
frame-ocr_pub_004-ocr_pub_004_001-equipment-007440,D:\IKA_DATA\ocr\frames\ocr_pub_004_ocr_pub_004_001_equipment_f007440.jpg,equipment,RU,1080p,,,unknown,unknown,unknown,,
frame-ocr_pub_004-ocr_pub_004_001-equipment-008040,D:\IKA_DATA\ocr\frames\ocr_pub_004_ocr_pub_004_001_equipment_f008040.jpg,equipment,RU,1080p,,,unknown,unknown,unknown,,
frame-ocr_pub_004-ocr_pub_004_001-equipment-008640,D:\IKA_DATA\ocr\frames\ocr_pub_004_ocr_pub_004_001_equipment_f008640.jpg,equipment,RU,1080p,,,unknown,unknown,unknown,,
frame-ocr_pub_004-ocr_pub_004_001-equipment-009360,D:\IKA_DATA\ocr\frames\ocr_pub_004_ocr_pub_004_001_equipment_f009360.jpg,equipment,RU,1080p,,,unknown,unknown,unknown,,
frame-ocr_pub_005-ocr_pub_005_001-equipment-003060,D:\IKA_DATA\ocr\frames\ocr_pub_005_ocr_pub_005_001_equipment_f003060.jpg,equipment,RU,1080p,,,unknown,unknown,unknown,,
frame-ocr_pub_005-ocr_pub_005_001-equipment-003210,D:\IKA_DATA\ocr\frames\ocr_pub_005_ocr_pub_005_001_equipment_f003210.jpg,equipment,RU,1080p,,,unknown,unknown,unknown,,
frame-ocr_pub_005-ocr_pub_005_001-equipment-003360,D:\IKA_DATA\ocr\frames\ocr_pub_005_ocr_pub_005_001_equipment_f003360.jpg,equipment,RU,1080p,,,unknown,unknown,unknown,,
frame-ocr_pub_005-ocr_pub_005_001-equipment-004740,D:\IKA_DATA\ocr\frames\ocr_pub_005_ocr_pub_005_001_equipment_f004740.jpg,equipment,RU,1080p,,,unknown,unknown,unknown,,
frame-ocr_pub_005-ocr_pub_005_001-equipment-004920,D:\IKA_DATA\ocr\frames\ocr_pub_005_ocr_pub_005_001_equipment_f004920.jpg,equipment,RU,1080p,,,unknown,unknown,unknown,,
frame-ocr_pub_005-ocr_pub_005_001-equipment-005280,D:\IKA_DATA\ocr\frames\ocr_pub_005_ocr_pub_005_001_equipment_f005280.jpg,equipment,RU,1080p,,,unknown,unknown,unknown,,
frame-ocr_pub_005-ocr_pub_005_001-equipment-005370,D:\IKA_DATA\ocr\frames\ocr_pub_005_ocr_pub_005_001_equipment_f005370.jpg,equipment,RU,1080p,,,unknown,unknown,unknown,,
frame-ocr_pub_005-ocr_pub_005_001-equipment-005730,D:\IKA_DATA\ocr\frames\ocr_pub_005_ocr_pub_005_001_equipment_f005730.jpg,equipment,RU,1080p,,,unknown,unknown,unknown,,
frame-ocr_pub_005-ocr_pub_005_001-equipment-005790,D:\IKA_DATA\ocr\frames\ocr_pub_005_ocr_pub_005_001_equipment_f005790.jpg,equipment,RU,1080p,,,unknown,unknown,unknown,,
frame-ocr_pub_005-ocr_pub_005_001-equipment-005820,D:\IKA_DATA\ocr\frames\ocr_pub_005_ocr_pub_005_001_equipment_f005820.jpg,equipment,RU,1080p,,,unknown,unknown,unknown,,
frame-ocr_pub_005-ocr_pub_005_001-equipment-005970,D:\IKA_DATA\ocr\frames\ocr_pub_005_ocr_pub_005_001_equipment_f005970.jpg,equipment,RU,1080p,,,unknown,unknown,unknown,,
frame-ocr_pub_005-ocr_pub_005_001-equipment-006660,D:\IKA_DATA\ocr\frames\ocr_pub_005_ocr_pub_005_001_equipment_f006660.jpg,equipment,RU,1080p,,,unknown,unknown,unknown,,
frame-ocr_pub_005-ocr_pub_005_001-equipment-006720,D:\IKA_DATA\ocr\frames\ocr_pub_005_ocr_pub_005_001_equipment_f006720.jpg,equipment,RU,1080p,,,unknown,unknown,unknown,,
frame-ocr_pub_006-ocr_pub_006_001-equipment-000480,D:\IKA_DATA\ocr\frames\ocr_pub_006_ocr_pub_006_001_equipment_f000480.jpg,equipment,EN,1080p,,,unknown,unknown,unknown,,
frame-ocr_pub_006-ocr_pub_006_001-equipment-000720,D:\IKA_DATA\ocr\frames\ocr_pub_006_ocr_pub_006_001_equipment_f000720.jpg,equipment,EN,1080p,,,unknown,unknown,unknown,,
frame-ocr_pub_006-ocr_pub_006_001-equipment-000900,D:\IKA_DATA\ocr\frames\ocr_pub_006_ocr_pub_006_001_equipment_f000900.jpg,equipment,EN,1080p,,,unknown,unknown,unknown,,
frame-ocr_pub_006-ocr_pub_006_001-equipment-001080,D:\IKA_DATA\ocr\frames\ocr_pub_006_ocr_pub_006_001_equipment_f001080.jpg,equipment,EN,1080p,,,unknown,unknown,unknown,,
frame-ocr_pub_006-ocr_pub_006_001-equipment-002040,D:\IKA_DATA\ocr\frames\ocr_pub_006_ocr_pub_006_001_equipment_f002040.jpg,equipment,EN,1080p,,,unknown,unknown,unknown,,
frame-ocr_pub_006-ocr_pub_006_001-equipment-002280,D:\IKA_DATA\ocr\frames\ocr_pub_006_ocr_pub_006_001_equipment_f002280.jpg,equipment,EN,1080p,,,unknown,unknown,unknown,,
frame-ocr_pub_006-ocr_pub_006_001-equipment-002730,D:\IKA_DATA\ocr\frames\ocr_pub_006_ocr_pub_006_001_equipment_f002730.jpg,equipment,EN,1080p,,,unknown,unknown,unknown,,
frame-ocr_pub_006-ocr_pub_006_001-equipment-002850,D:\IKA_DATA\ocr\frames\ocr_pub_006_ocr_pub_006_001_equipment_f002850.jpg,equipment,EN,1080p,,,unknown,unknown,unknown,,
frame-ocr_pub_006-ocr_pub_006_001-equipment-002940,D:\IKA_DATA\ocr\frames\ocr_pub_006_ocr_pub_006_001_equipment_f002940.jpg,equipment,EN,1080p,,,unknown,unknown,unknown,,
frame-ocr_pub_006-ocr_pub_006_001-equipment-004140,D:\IKA_DATA\ocr\frames\ocr_pub_006_ocr_pub_006_001_equipment_f004140.jpg,equipment,EN,1080p,,,unknown,unknown,unknown,,
frame-ocr_pub_006-ocr_pub_006_001-equipment-004530,D:\IKA_DATA\ocr\frames\ocr_pub_006_ocr_pub_006_001_equipment_f004530.jpg,equipment,EN,1080p,,,unknown,unknown,unknown,,
frame-ocr_pub_007-ocr_pub_007_001-equipment-000720,D:\IKA_DATA\ocr\frames\ocr_pub_007_ocr_pub_007_001_equipment_f000720.jpg,equipment,EN,1080p,,,unknown,unknown,unknown,,
frame-ocr_pub_007-ocr_pub_007_001-equipment-003000,D:\IKA_DATA\ocr\frames\ocr_pub_007_ocr_pub_007_001_equipment_f003000.jpg,equipment,EN,1080p,,,unknown,unknown,unknown,,
frame-ocr_pub_007-ocr_pub_007_001-equipment-003390,D:\IKA_DATA\ocr\frames\ocr_pub_007_ocr_pub_007_001_equipment_f003390.jpg,equipment,EN,1080p,,,unknown,unknown,unknown,,
frame-ocr_pub_007-ocr_pub_007_001-equipment-003690,D:\IKA_DATA\ocr\frames\ocr_pub_007_ocr_pub_007_001_equipment_f003690.jpg,equipment,EN,1080p,,,unknown,unknown,unknown,,
frame-ocr_pub_007-ocr_pub_007_001-equipment-003780,D:\IKA_DATA\ocr\frames\ocr_pub_007_ocr_pub_007_001_equipment_f003780.jpg,equipment,EN,1080p,,,unknown,unknown,unknown,,
frame-ocr_pub_007-ocr_pub_007_001-equipment-003810,D:\IKA_DATA\ocr\frames\ocr_pub_007_ocr_pub_007_001_equipment_f003810.jpg,equipment,EN,1080p,,,unknown,unknown,unknown,,
frame-ocr_pub_007-ocr_pub_007_001-equipment-003960,D:\IKA_DATA\ocr\frames\ocr_pub_007_ocr_pub_007_001_equipment_f003960.jpg,equipment,EN,1080p,,,unknown,unknown,unknown,,
frame-ocr_pub_007-ocr_pub_007_001-equipment-004710,D:\IKA_DATA\ocr\frames\ocr_pub_007_ocr_pub_007_001_equipment_f004710.jpg,equipment,EN,1080p,,,unknown,unknown,unknown,,
frame-ocr_pub_007-ocr_pub_007_001-equipment-004830,D:\IKA_DATA\ocr\frames\ocr_pub_007_ocr_pub_007_001_equipment_f004830.jpg,equipment,EN,1080p,,,unknown,unknown,unknown,,
frame-ocr_pub_007-ocr_pub_007_001-equipment-004980,D:\IKA_DATA\ocr\frames\ocr_pub_007_ocr_pub_007_001_equipment_f004980.jpg,equipment,EN,1080p,,,unknown,unknown,unknown,,
frame-ocr_pub_007-ocr_pub_007_001-equipment-005220,D:\IKA_DATA\ocr\frames\ocr_pub_007_ocr_pub_007_001_equipment_f005220.jpg,equipment,EN,1080p,,,unknown,unknown,unknown,,
frame-ocr_pub_007-ocr_pub_007_001-equipment-005640,D:\IKA_DATA\ocr\frames\ocr_pub_007_ocr_pub_007_001_equipment_f005640.jpg,equipment,EN,1080p,,,unknown,unknown,unknown,,
frame-ocr_pub_007-ocr_pub_007_001-equipment-005730,D:\IKA_DATA\ocr\frames\ocr_pub_007_ocr_pub_007_001_equipment_f005730.jpg,equipment,EN,1080p,,,unknown,unknown,unknown,,
frame-ocr_pub_008-ocr_pub_008_001-equipment-001650,D:\IKA_DATA\ocr\frames\ocr_pub_008_ocr_pub_008_001_equipment_f001650.jpg,equipment,RU,1440p,,,unknown,unknown,unknown,,
frame-ocr_pub_008-ocr_pub_008_001-equipment-001830,D:\IKA_DATA\ocr\frames\ocr_pub_008_ocr_pub_008_001_equipment_f001830.jpg,equipment,RU,1440p,,,unknown,unknown,unknown,,
frame-ocr_pub_008-ocr_pub_008_001-equipment-001860,D:\IKA_DATA\ocr\frames\ocr_pub_008_ocr_pub_008_001_equipment_f001860.jpg,equipment,RU,1440p,,,unknown,unknown,unknown,,
frame-ocr_pub_008-ocr_pub_008_001-equipment-002490,D:\IKA_DATA\ocr\frames\ocr_pub_008_ocr_pub_008_001_equipment_f002490.jpg,equipment,RU,1440p,,,unknown,unknown,unknown,,
frame-ocr_pub_008-ocr_pub_008_001-equipment-002670,D:\IKA_DATA\ocr\frames\ocr_pub_008_ocr_pub_008_001_equipment_f002670.jpg,equipment,RU,1440p,,,unknown,unknown,unknown,,
frame-ocr_pub_008-ocr_pub_008_001-equipment-002760,D:\IKA_DATA\ocr\frames\ocr_pub_008_ocr_pub_008_001_equipment_f002760.jpg,equipment,RU,1440p,,,unknown,unknown,unknown,,
frame-ocr_pub_008-ocr_pub_008_001-equipment-003060,D:\IKA_DATA\ocr\frames\ocr_pub_008_ocr_pub_008_001_equipment_f003060.jpg,equipment,RU,1440p,,,unknown,unknown,unknown,,
frame-ocr_pub_008-ocr_pub_008_001-equipment-003570,D:\IKA_DATA\ocr\frames\ocr_pub_008_ocr_pub_008_001_equipment_f003570.jpg,equipment,RU,1440p,,,unknown,unknown,unknown,,
frame-ocr_pub_008-ocr_pub_008_001-equipment-003690,D:\IKA_DATA\ocr\frames\ocr_pub_008_ocr_pub_008_001_equipment_f003690.jpg,equipment,RU,1440p,,,unknown,unknown,unknown,,
frame-ocr_pub_008-ocr_pub_008_001-equipment-003780,D:\IKA_DATA\ocr\frames\ocr_pub_008_ocr_pub_008_001_equipment_f003780.jpg,equipment,RU,1440p,,,unknown,unknown,unknown,,
frame-ocr_pub_008-ocr_pub_008_001-equipment-003960,D:\IKA_DATA\ocr\frames\ocr_pub_008_ocr_pub_008_001_equipment_f003960.jpg,equipment,RU,1440p,,,unknown,unknown,unknown,,
frame-ocr_pub_008-ocr_pub_008_001-equipment-004110,D:\IKA_DATA\ocr\frames\ocr_pub_008_ocr_pub_008_001_equipment_f004110.jpg,equipment,RU,1440p,,,unknown,unknown,unknown,,
frame-ocr_pub_008-ocr_pub_008_001-equipment-004440,D:\IKA_DATA\ocr\frames\ocr_pub_008_ocr_pub_008_001_equipment_f004440.jpg,equipment,RU,1440p,,,unknown,unknown,unknown,,
